order_item_id,order_id,product_id,sku_id,quantity,unit_price,subtotal,is_mock_data
OI0000001,ORD000001,PROD0001,SKU00001,1,12.19,12.19,true
OI0000002,ORD000001,PROD0091,SKU00239,1,45.78,45.78,true
OI0000003,ORD000001,PROD0097,SKU00255,1,29.49,29.49,true
OI0000004,ORD000001,PROD0013,SKU00031,1,66.28,66.28,true
OI0000005,ORD000002,PROD0023,SKU00062,1,1734056.78,1734056.78,true
OI0000006,ORD000002,PROD0089,SKU00234,2,617829.81,1235659.62,true
OI0000007,ORD000003,PROD0055,SKU00146,1,48.24,48.24,true
OI0000008,ORD000003,PROD0097,SKU00255,1,29.49,29.49,true
OI0000009,ORD000003,PROD0025,SKU00068,1,76.26,76.26,true
OI0000010,ORD000003,PROD0013,SKU00029,1,71.39,71.39,true
OI0000011,ORD000004,PROD0060,SKU00159,1,602350.34,602350.34,true
OI0000012,ORD000004,PROD0090,SKU00238,1,497890.59,497890.59,true
OI0000013,ORD000004,PROD0006,SKU00013,3,839080.40,2517241.20,true
OI0000014,ORD000004,PROD0078,SKU00205,1,231333.10,231333.10,true
OI0000015,ORD000005,PROD0025,SKU00066,1,79.39,79.39,true
OI0000016,ORD000005,PROD0013,SKU00031,2,66.28,132.56,true
OI0000017,ORD000006,PROD0053,SKU00140,3,1244412.42,3733237.26,true
OI0000018,ORD000006,PROD0071,SKU00188,1,346284.88,346284.88,true
OI0000019,ORD000007,PROD0066,SKU00176,1,216988.62,216988.62,true
OI0000020,ORD000008,PROD0041,SKU00110,1,1270516.34,1270516.34,true
OI0000021,ORD000008,PROD0041,SKU00108,1,1506819.69,1506819.69,true
OI0000022,ORD000008,PROD0065,SKU00174,2,1552367.79,3104735.58,true
OI0000023,ORD000009,PROD0046,SKU00123,1,451.68,451.68,true
OI0000024,ORD000010,PROD0015,SKU00039,1,2224.01,2224.01,true
OI0000025,ORD000010,PROD0063,SKU00168,1,3058.83,3058.83,true
OI0000026,ORD000011,PROD0066,SKU00176,1,216988.62,216988.62,true
OI0000027,ORD000011,PROD0042,SKU00114,1,640099.17,640099.17,true
OI0000028,ORD000012,PROD0020,SKU00055,1,131.40,131.40,true
OI0000029,ORD000012,PROD0056,SKU00147,2,64.48,128.96,true
OI0000030,ORD000012,PROD0050,SKU00136,2,76.48,152.96,true
OI0000031,ORD000013,PROD0013,SKU00030,1,67.59,67.59,true
OI0000032,ORD000014,PROD0069,SKU00182,1,1005.23,1005.23,true
OI0000033,ORD000014,PROD0087,SKU00228,3,737.27,2211.81,true
OI0000034,ORD000014,PROD0063,SKU00169,2,3067.94,6135.88,true
OI0000035,ORD000015,PROD0014,SKU00034,1,87.55,87.55,true
OI0000036,ORD000016,PROD0030,SKU00082,3,457477.84,1372433.52,true
OI0000037,ORD000016,PROD0036,SKU00098,2,255958.83,511917.66,true
OI0000038,ORD000016,PROD0084,SKU00221,1,403023.05,403023.05,true
OI0000039,ORD000017,PROD0094,SKU00247,2,1140.52,2281.04,true
OI0000040,ORD000018,PROD0018,SKU00048,1,618527.75,618527.75,true
OI0000041,ORD000018,PROD0018,SKU00049,1,702973.71,702973.71,true
OI0000042,ORD000019,PROD0092,SKU00243,2,152.77,305.54,true
OI0000043,ORD000019,PROD0008,SKU00018,1,55.98,55.98,true
OI0000044,ORD000019,PROD0074,SKU00197,2,276.76,553.52,true
OI0000045,ORD000020,PROD0048,SKU00129,2,776592.87,1553185.74,true
OI0000046,ORD000021,PROD0057,SKU00152,1,1577.56,1577.56,true
OI0000047,ORD000021,PROD0087,SKU00231,1,694.75,694.75,true
OI0000048,ORD000022,PROD0025,SKU00067,2,75.42,150.84,true
OI0000049,ORD000022,PROD0073,SKU00193,3,28.01,84.03,true
OI0000050,ORD000022,PROD0013,SKU00029,2,71.39,142.78,true
OI0000051,ORD000022,PROD0031,SKU00084,1,81.42,81.42,true
OI0000052,ORD000023,PROD0083,SKU00219,1,1427699.40,1427699.40,true
OI0000053,ORD000023,PROD0017,SKU00046,1,1341406.94,1341406.94,true
OI0000054,ORD000023,PROD0089,SKU00233,2,672068.51,1344137.02,true
OI0000055,ORD000024,PROD0004,SKU00008,1,1766.13,1766.13,true
OI0000056,ORD000024,PROD0070,SKU00184,1,1843.88,1843.88,true
OI0000057,ORD000025,PROD0029,SKU00077,2,777631.56,1555263.12,true
OI0000058,ORD000025,PROD0041,SKU00108,1,1506819.69,1506819.69,true
OI0000059,ORD000026,PROD0082,SKU00215,2,240.41,480.82,true
OI0000060,ORD000026,PROD0046,SKU00123,1,451.68,451.68,true
OI0000061,ORD000026,PROD0004,SKU00007,1,1647.91,1647.91,true
OI0000062,ORD000027,PROD0071,SKU00188,1,346284.88,346284.88,true
OI0000063,ORD000027,PROD0047,SKU00128,1,1184067.92,1184067.92,true
OI0000064,ORD000027,PROD0095,SKU00249,1,774461.78,774461.78,true
OI0000065,ORD000028,PROD0054,SKU00142,1,476842.39,476842.39,true
OI0000066,ORD000029,PROD0056,SKU00148,1,69.54,69.54,true
OI0000067,ORD000030,PROD0043,SKU00115,1,11.43,11.43,true
OI0000068,ORD000030,PROD0073,SKU00194,1,30.43,30.43,true
OI0000069,ORD000030,PROD0061,SKU00163,1,79.38,79.38,true
OI0000070,ORD000030,PROD0049,SKU00133,2,67.80,135.60,true
OI0000071,ORD000031,PROD0091,SKU00240,1,42.89,42.89,true
OI0000072,ORD000031,PROD0013,SKU00029,1,71.39,71.39,true
OI0000073,ORD000032,PROD0036,SKU00099,1,266099.35,266099.35,true
OI0000074,ORD000032,PROD0018,SKU00050,1,669442.39,669442.39,true
OI0000075,ORD000033,PROD0012,SKU00028,1,373804.90,373804.90,true
OI0000076,ORD000033,PROD0024,SKU00064,1,514639.39,514639.39,true
OI0000077,ORD000033,PROD0090,SKU00238,1,497890.59,497890.59,true
OI0000078,ORD000033,PROD0084,SKU00222,2,370952.09,741904.18,true
OI0000079,ORD000034,PROD0069,SKU00182,1,1005.23,1005.23,true
OI0000080,ORD000034,PROD0087,SKU00230,2,619.42,1238.84,true
OI0000081,ORD000034,PROD0075,SKU00199,2,3433.43,6866.86,true
OI0000082,ORD000034,PROD0057,SKU00152,1,1577.56,1577.56,true
OI0000083,ORD000035,PROD0058,SKU00155,2,2006.24,4012.48,true
OI0000084,ORD000035,PROD0052,SKU00139,1,652.96,652.96,true
OI0000085,ORD000036,PROD0015,SKU00038,2,2026.54,4053.08,true
OI0000086,ORD000036,PROD0021,SKU00056,1,1334.27,1334.27,true
OI0000087,ORD000036,PROD0063,SKU00170,1,2802.15,2802.15,true
OI0000088,ORD000037,PROD0063,SKU00169,2,3067.94,6135.88,true
OI0000089,ORD000038,PROD0031,SKU00084,2,81.42,162.84,true
OI0000090,ORD000038,PROD0031,SKU00085,1,84.44,84.44,true
OI0000091,ORD000038,PROD0049,SKU00133,1,67.80,67.80,true
OI0000092,ORD000039,PROD0036,SKU00096,1,273703.93,273703.93,true
OI0000093,ORD000040,PROD0013,SKU00031,3,66.28,198.84,true
OI0000094,ORD000040,PROD0013,SKU00030,2,67.59,135.18,true
OI0000095,ORD000040,PROD0043,SKU00115,2,11.43,22.86,true
OI0000096,ORD000041,PROD0081,SKU00214,2,2164.59,4329.18,true
OI0000097,ORD000041,PROD0015,SKU00038,2,2026.54,4053.08,true
OI0000098,ORD000042,PROD0001,SKU00001,1,12.19,12.19,true
OI0000099,ORD000043,PROD0091,SKU00239,1,45.78,45.78,true
OI0000100,ORD000043,PROD0055,SKU00145,1,51.20,51.20,true
OI0000101,ORD000043,PROD0049,SKU00133,1,67.80,67.80,true
OI0000102,ORD000043,PROD0073,SKU00193,1,28.01,28.01,true
OI0000103,ORD000044,PROD0065,SKU00173,1,1655054.84,1655054.84,true
OI0000104,ORD000044,PROD0089,SKU00233,2,672068.51,1344137.02,true
OI0000105,ORD000045,PROD0079,SKU00207,2,69.96,139.92,true
OI0000106,ORD000045,PROD0091,SKU00239,1,45.78,45.78,true
OI0000107,ORD000045,PROD0061,SKU00162,1,94.04,94.04,true
OI0000108,ORD000045,PROD0043,SKU00118,1,11.15,11.15,true
OI0000109,ORD000046,PROD0063,SKU00170,1,2802.15,2802.15,true
OI0000110,ORD000046,PROD0009,SKU00019,1,3363.81,3363.81,true
OI0000111,ORD000046,PROD0087,SKU00231,1,694.75,694.75,true
OI0000112,ORD000047,PROD0016,SKU00041,2,1606.71,3213.42,true
OI0000113,ORD000047,PROD0004,SKU00007,2,1647.91,3295.82,true
OI0000114,ORD000047,PROD0046,SKU00123,1,451.68,451.68,true
OI0000115,ORD000047,PROD0076,SKU00201,1,1559.58,1559.58,true
OI0000116,ORD000048,PROD0087,SKU00231,1,694.75,694.75,true
OI0000117,ORD000048,PROD0099,SKU00259,2,1378.32,2756.64,true
OI0000118,ORD000049,PROD0063,SKU00169,1,3067.94,3067.94,true
OI0000119,ORD000050,PROD0016,SKU00041,1,1606.71,1606.71,true
OI0000120,ORD000050,PROD0022,SKU00060,2,352.53,705.06,true
OI0000121,ORD000050,PROD0046,SKU00125,1,372.05,372.05,true
OI0000122,ORD000051,PROD0056,SKU00149,2,68.49,136.98,true
OI0000123,ORD000052,PROD0023,SKU00063,3,1504447.05,4513341.15,true
OI0000124,ORD000053,PROD0035,SKU00093,1,1139879.70,1139879.70,true
OI0000125,ORD000054,PROD0066,SKU00177,1,200447.96,200447.96,true
OI0000126,ORD000055,PROD0082,SKU00216,1,228.01,228.01,true
OI0000127,ORD000055,PROD0064,SKU00171,1,424.06,424.06,true
OI0000128,ORD000055,PROD0040,SKU00107,1,1767.10,1767.10,true
OI0000129,ORD000055,PROD0004,SKU00009,1,1648.68,1648.68,true
OI0000130,ORD000056,PROD0031,SKU00084,2,81.42,162.84,true
OI0000131,ORD000056,PROD0097,SKU00254,1,26.62,26.62,true
OI0000132,ORD000056,PROD0073,SKU00193,1,28.01,28.01,true
OI0000133,ORD000056,PROD0049,SKU00133,1,67.80,67.80,true
OI0000134,ORD000057,PROD0090,SKU00235,1,595753.09,595753.09,true
OI0000135,ORD000057,PROD0042,SKU00113,1,583365.22,583365.22,true
OI0000136,ORD000057,PROD0018,SKU00047,1,632252.44,632252.44,true
OI0000137,ORD000058,PROD0061,SKU00163,1,79.38,79.38,true
OI0000138,ORD000058,PROD0043,SKU00116,1,10.74,10.74,true
OI0000139,ORD000059,PROD0070,SKU00187,1,1882.82,1882.82,true
OI0000140,ORD000059,PROD0064,SKU00172,1,402.64,402.64,true
OI0000141,ORD000060,PROD0095,SKU00251,1,836988.65,836988.65,true
OI0000142,ORD000061,PROD0010,SKU00022,1,372.09,372.09,true
OI0000143,ORD000062,PROD0082,SKU00217,1,265.63,265.63,true
OI0000144,ORD000062,PROD0076,SKU00201,1,1559.58,1559.58,true
OI0000145,ORD000062,PROD0094,SKU00246,1,1287.71,1287.71,true
OI0000146,ORD000063,PROD0081,SKU00213,1,1970.02,1970.02,true
OI0000147,ORD000063,PROD0087,SKU00230,1,619.42,619.42,true
OI0000148,ORD000063,PROD0081,SKU00214,1,2164.59,2164.59,true
OI0000149,ORD000064,PROD0034,SKU00090,1,1384.12,1384.12,true
OI0000150,ORD000064,PROD0094,SKU00245,1,1063.24,1063.24,true
OI0000151,ORD000064,PROD0046,SKU00123,1,451.68,451.68,true
OI0000152,ORD000065,PROD0006,SKU00011,1,844228.49,844228.49,true
OI0000153,ORD000065,PROD0084,SKU00221,1,403023.05,403023.05,true
OI0000154,ORD000065,PROD0048,SKU00131,1,683257.51,683257.51,true
OI0000155,ORD000066,PROD0008,SKU00018,1,55.98,55.98,true
OI0000156,ORD000066,PROD0074,SKU00198,2,270.01,540.02,true
OI0000157,ORD000066,PROD0098,SKU00256,1,30.26,30.26,true
OI0000158,ORD000067,PROD0060,SKU00159,1,602350.34,602350.34,true
OI0000159,ORD000067,PROD0042,SKU00114,1,640099.17,640099.17,true
OI0000160,ORD000067,PROD0030,SKU00081,1,449713.81,449713.81,true
OI0000161,ORD000068,PROD0087,SKU00228,2,737.27,1474.54,true
OI0000162,ORD000068,PROD0063,SKU00168,1,3058.83,3058.83,true
OI0000163,ORD000069,PROD0006,SKU00011,1,844228.49,844228.49,true
OI0000164,ORD000070,PROD0053,SKU00140,1,1244412.42,1244412.42,true
OI0000165,ORD000071,PROD0100,SKU00260,1,423.84,423.84,true
OI0000166,ORD000071,PROD0070,SKU00185,1,2178.74,2178.74,true
OI0000167,ORD000072,PROD0047,SKU00128,3,1184067.92,3552203.76,true
OI0000168,ORD000073,PROD0052,SKU00139,1,652.96,652.96,true
OI0000169,ORD000073,PROD0016,SKU00042,1,1490.41,1490.41,true
OI0000170,ORD000073,PROD0004,SKU00009,1,1648.68,1648.68,true
OI0000171,ORD000074,PROD0095,SKU00251,1,836988.65,836988.65,true
OI0000172,ORD000074,PROD0059,SKU00157,1,1628860.67,1628860.67,true
OI0000173,ORD000074,PROD0029,SKU00079,1,934640.31,934640.31,true
OI0000174,ORD000074,PROD0035,SKU00092,1,1317389.56,1317389.56,true
OI0000175,ORD000075,PROD0037,SKU00100,1,70.85,70.85,true
OI0000176,ORD000075,PROD0007,SKU00015,1,85.75,85.75,true
OI0000177,ORD000075,PROD0073,SKU00193,1,28.01,28.01,true
OI0000178,ORD000075,PROD0055,SKU00146,1,48.24,48.24,true
OI0000179,ORD000076,PROD0004,SKU00009,1,1648.68,1648.68,true
OI0000180,ORD000076,PROD0070,SKU00185,1,2178.74,2178.74,true
OI0000181,ORD000076,PROD0046,SKU00123,3,451.68,1355.04,true
OI0000182,ORD000077,PROD0095,SKU00251,1,836988.65,836988.65,true
OI0000183,ORD000077,PROD0059,SKU00157,1,1628860.67,1628860.67,true
OI0000184,ORD000077,PROD0089,SKU00234,1,617829.81,617829.81,true
OI0000185,ORD000078,PROD0013,SKU00029,1,71.39,71.39,true
OI0000186,ORD000079,PROD0087,SKU00229,1,668.61,668.61,true
OI0000187,ORD000079,PROD0087,SKU00228,1,737.27,737.27,true
OI0000188,ORD000079,PROD0033,SKU00089,1,334.98,334.98,true
OI0000189,ORD000080,PROD0004,SKU00006,1,1735.31,1735.31,true
OI0000190,ORD000080,PROD0010,SKU00024,2,357.98,715.96,true
OI0000191,ORD000080,PROD0022,SKU00059,1,332.56,332.56,true
OI0000192,ORD000081,PROD0016,SKU00043,1,1610.66,1610.66,true
OI0000193,ORD000081,PROD0094,SKU00246,2,1287.71,2575.42,true
OI0000194,ORD000081,PROD0094,SKU00245,1,1063.24,1063.24,true
OI0000195,ORD000082,PROD0038,SKU00103,1,264.70,264.70,true
OI0000196,ORD000082,PROD0074,SKU00195,1,286.31,286.31,true
OI0000197,ORD000082,PROD0092,SKU00243,1,152.77,152.77,true
OI0000198,ORD000082,PROD0062,SKU00165,2,232.41,464.82,true
OI0000199,ORD000083,PROD0038,SKU00101,1,223.70,223.70,true
OI0000200,ORD000083,PROD0032,SKU00087,3,218.78,656.34,true
OI0000201,ORD000083,PROD0014,SKU00032,1,84.22,84.22,true
OI0000202,ORD000084,PROD0089,SKU00234,1,617829.81,617829.81,true
OI0000203,ORD000084,PROD0095,SKU00249,1,774461.78,774461.78,true
OI0000204,ORD000085,PROD0062,SKU00167,1,280.14,280.14,true
OI0000205,ORD000085,PROD0062,SKU00164,2,249.48,498.96,true
OI0000206,ORD000085,PROD0098,SKU00258,2,26.98,53.96,true
OI0000207,ORD000086,PROD0016,SKU00043,1,1610.66,1610.66,true
OI0000208,ORD000087,PROD0079,SKU00207,1,69.96,69.96,true
OI0000209,ORD000087,PROD0025,SKU00068,1,76.26,76.26,true
OI0000210,ORD000087,PROD0001,SKU00001,1,12.19,12.19,true
OI0000211,ORD000088,PROD0089,SKU00233,3,672068.51,2016205.53,true
OI0000212,ORD000089,PROD0094,SKU00248,1,1061.30,1061.30,true
OI0000213,ORD000089,PROD0094,SKU00246,1,1287.71,1287.71,true
OI0000214,ORD000089,PROD0094,SKU00245,3,1063.24,3189.72,true
OI0000215,ORD000090,PROD0012,SKU00026,3,412826.09,1238478.27,true
OI0000216,ORD000090,PROD0054,SKU00144,1,503033.26,503033.26,true
OI0000217,ORD000090,PROD0060,SKU00161,2,538964.89,1077929.78,true
OI0000218,ORD000091,PROD0025,SKU00066,1,79.39,79.39,true
OI0000219,ORD000091,PROD0025,SKU00067,1,75.42,75.42,true
OI0000220,ORD000091,PROD0055,SKU00145,1,51.20,51.20,true
OI0000221,ORD000092,PROD0060,SKU00158,2,587751.35,1175502.70,true
OI0000222,ORD000092,PROD0042,SKU00111,3,598079.80,1794239.40,true
OI0000223,ORD000092,PROD0006,SKU00013,3,839080.40,2517241.20,true
OI0000224,ORD000093,PROD0055,SKU00146,3,48.24,144.72,true
OI0000225,ORD000093,PROD0049,SKU00132,1,78.51,78.51,true
OI0000226,ORD000093,PROD0079,SKU00206,1,63.35,63.35,true
OI0000227,ORD000094,PROD0014,SKU00032,1,84.22,84.22,true
OI0000228,ORD000094,PROD0074,SKU00195,1,286.31,286.31,true
OI0000229,ORD000094,PROD0002,SKU00004,2,60.37,120.74,true
OI0000230,ORD000095,PROD0092,SKU00243,1,152.77,152.77,true
OI0000231,ORD000096,PROD0081,SKU00213,2,1970.02,3940.04,true
OI0000232,ORD000097,PROD0091,SKU00239,1,45.78,45.78,true
OI0000233,ORD000097,PROD0085,SKU00226,2,39.61,79.22,true
OI0000234,ORD000097,PROD0079,SKU00206,2,63.35,126.70,true
OI0000235,ORD000097,PROD0067,SKU00180,1,30.93,30.93,true
OI0000236,ORD000098,PROD0020,SKU00054,2,110.97,221.94,true
OI0000237,ORD000099,PROD0066,SKU00176,2,216988.62,433977.24,true
OI0000238,ORD000099,PROD0030,SKU00082,1,457477.84,457477.84,true
OI0000239,ORD000099,PROD0078,SKU00205,2,231333.10,462666.20,true
OI0000240,ORD000100,PROD0082,SKU00216,2,228.01,456.02,true
OI0000241,ORD000100,PROD0010,SKU00024,1,357.98,357.98,true
OI0000242,ORD000100,PROD0058,SKU00156,1,2263.34,2263.34,true
OI0000243,ORD000101,PROD0022,SKU00060,1,352.53,352.53,true
OI0000244,ORD000101,PROD0034,SKU00090,2,1384.12,2768.24,true
OI0000245,ORD000101,PROD0094,SKU00246,1,1287.71,1287.71,true
OI0000246,ORD000102,PROD0083,SKU00219,2,1427699.40,2855398.80,true
OI0000247,ORD000102,PROD0095,SKU00251,2,836988.65,1673977.30,true
OI0000248,ORD000102,PROD0047,SKU00128,2,1184067.92,2368135.84,true
OI0000249,ORD000103,PROD0095,SKU00251,2,836988.65,1673977.30,true
OI0000250,ORD000103,PROD0011,SKU00025,1,386241.43,386241.43,true
OI0000251,ORD000103,PROD0065,SKU00173,2,1655054.84,3310109.68,true
OI0000252,ORD000104,PROD0044,SKU00119,2,60.15,120.30,true
OI0000253,ORD000105,PROD0020,SKU00053,1,109.14,109.14,true
OI0000254,ORD000106,PROD0009,SKU00020,1,3491.76,3491.76,true
OI0000255,ORD000106,PROD0015,SKU00036,1,2198.83,2198.83,true
OI0000256,ORD000107,PROD0058,SKU00155,1,2006.24,2006.24,true
OI0000257,ORD000107,PROD0058,SKU00156,1,2263.34,2263.34,true
OI0000258,ORD000108,PROD0094,SKU00248,1,1061.30,1061.30,true
OI0000259,ORD000109,PROD0095,SKU00249,1,774461.78,774461.78,true
OI0000260,ORD000109,PROD0023,SKU00062,1,1734056.78,1734056.78,true
OI0000261,ORD000109,PROD0029,SKU00079,2,934640.31,1869280.62,true
OI0000262,ORD000110,PROD0073,SKU00193,1,28.01,28.01,true
OI0000263,ORD000110,PROD0049,SKU00133,2,67.80,135.60,true
OI0000264,ORD000111,PROD0002,SKU00002,3,64.21,192.63,true
OI0000265,ORD000112,PROD0004,SKU00006,1,1735.31,1735.31,true
OI0000266,ORD000113,PROD0092,SKU00243,1,152.77,152.77,true
OI0000267,ORD000113,PROD0098,SKU00256,1,30.26,30.26,true
OI0000268,ORD000113,PROD0062,SKU00164,1,249.48,249.48,true
OI0000269,ORD000113,PROD0002,SKU00004,1,60.37,60.37,true
OI0000270,ORD000114,PROD0009,SKU00019,3,3363.81,10091.43,true
OI0000271,ORD000114,PROD0087,SKU00228,2,737.27,1474.54,true
OI0000272,ORD000114,PROD0057,SKU00152,1,1577.56,1577.56,true
OI0000273,ORD000114,PROD0063,SKU00168,3,3058.83,9176.49,true
OI0000274,ORD000115,PROD0007,SKU00015,1,85.75,85.75,true
OI0000275,ORD000115,PROD0055,SKU00145,1,51.20,51.20,true
OI0000276,ORD000115,PROD0031,SKU00084,2,81.42,162.84,true
OI0000277,ORD000115,PROD0031,SKU00085,1,84.44,84.44,true
OI0000278,ORD000116,PROD0072,SKU00191,2,100074.70,200149.40,true
OI0000279,ORD000117,PROD0096,SKU00253,1,723622.53,723622.53,true
OI0000280,ORD000117,PROD0006,SKU00013,1,839080.40,839080.40,true
OI0000281,ORD000117,PROD0060,SKU00161,2,538964.89,1077929.78,true
OI0000282,ORD000117,PROD0012,SKU00028,1,373804.90,373804.90,true
OI0000283,ORD000118,PROD0009,SKU00020,1,3491.76,3491.76,true
OI0000284,ORD000118,PROD0057,SKU00153,1,1577.35,1577.35,true
OI0000285,ORD000118,PROD0051,SKU00137,1,3946.66,3946.66,true
OI0000286,ORD000118,PROD0021,SKU00058,1,1325.08,1325.08,true
OI0000287,ORD000119,PROD0072,SKU00191,1,100074.70,100074.70,true
OI0000288,ORD000119,PROD0060,SKU00160,2,562540.10,1125080.20,true
OI0000289,ORD000120,PROD0091,SKU00240,1,42.89,42.89,true
OI0000290,ORD000120,PROD0091,SKU00239,1,45.78,45.78,true
OI0000291,ORD000121,PROD0048,SKU00129,1,776592.87,776592.87,true
OI0000292,ORD000122,PROD0070,SKU00185,1,2178.74,2178.74,true
OI0000293,ORD000123,PROD0060,SKU00158,1,587751.35,587751.35,true
OI0000294,ORD000123,PROD0030,SKU00082,1,457477.84,457477.84,true
OI0000295,ORD000123,PROD0096,SKU00253,1,723622.53,723622.53,true
OI0000296,ORD000124,PROD0043,SKU00118,1,11.15,11.15,true
OI0000297,ORD000124,PROD0019,SKU00051,1,57.51,57.51,true
OI0000298,ORD000124,PROD0013,SKU00030,1,67.59,67.59,true
OI0000299,ORD000125,PROD0020,SKU00054,1,110.97,110.97,true
OI0000300,ORD000125,PROD0056,SKU00147,1,64.48,64.48,true
OI0000301,ORD000126,PROD0043,SKU00117,1,10.35,10.35,true
OI0000302,ORD000126,PROD0055,SKU00146,1,48.24,48.24,true
OI0000303,ORD000126,PROD0043,SKU00118,1,11.15,11.15,true
OI0000304,ORD000126,PROD0091,SKU00241,1,46.64,46.64,true
OI0000305,ORD000127,PROD0050,SKU00135,1,76.68,76.68,true
OI0000306,ORD000128,PROD0015,SKU00037,1,2304.19,2304.19,true
OI0000307,ORD000128,PROD0039,SKU00106,1,2835.23,2835.23,true
OI0000308,ORD000128,PROD0063,SKU00168,2,3058.83,6117.66,true
OI0000309,ORD000128,PROD0021,SKU00056,1,1334.27,1334.27,true
OI0000310,ORD000129,PROD0069,SKU00182,1,1005.23,1005.23,true
OI0000311,ORD000129,PROD0045,SKU00121,1,2919.58,2919.58,true
OI0000312,ORD000130,PROD0082,SKU00218,1,244.06,244.06,true
OI0000313,ORD000130,PROD0004,SKU00009,3,1648.68,4946.04,true
OI0000314,ORD000130,PROD0082,SKU00215,1,240.41,240.41,true
OI0000315,ORD000131,PROD0004,SKU00006,1,1735.31,1735.31,true
OI0000316,ORD000131,PROD0010,SKU00024,1,357.98,357.98,true
OI0000317,ORD000132,PROD0015,SKU00036,1,2198.83,2198.83,true
OI0000318,ORD000133,PROD0064,SKU00172,2,402.64,805.28,true
OI0000319,ORD000133,PROD0070,SKU00186,2,1924.60,3849.20,true
OI0000320,ORD000133,PROD0082,SKU00218,3,244.06,732.18,true
OI0000321,ORD000134,PROD0043,SKU00118,1,11.15,11.15,true
OI0000322,ORD000134,PROD0043,SKU00117,1,10.35,10.35,true
OI0000323,ORD000134,PROD0019,SKU00052,1,50.95,50.95,true
OI0000324,ORD000135,PROD0038,SKU00102,1,261.50,261.50,true
OI0000325,ORD000135,PROD0098,SKU00257,2,28.06,56.12,true
OI0000326,ORD000135,PROD0080,SKU00211,2,146.92,293.84,true
OI0000327,ORD000135,PROD0020,SKU00053,1,109.14,109.14,true
OI0000328,ORD000136,PROD0007,SKU00016,1,93.93,93.93,true
OI0000329,ORD000137,PROD0009,SKU00020,1,3491.76,3491.76,true
OI0000330,ORD000137,PROD0051,SKU00137,1,3946.66,3946.66,true
OI0000331,ORD000137,PROD0069,SKU00183,1,1037.37,1037.37,true
OI0000332,ORD000138,PROD0078,SKU00203,1,186418.93,186418.93,true
OI0000333,ORD000139,PROD0059,SKU00157,1,1628860.67,1628860.67,true
OI0000334,ORD000139,PROD0023,SKU00062,1,1734056.78,1734056.78,true
OI0000335,ORD000140,PROD0090,SKU00235,1,595753.09,595753.09,true
OI0000336,ORD000140,PROD0042,SKU00113,2,583365.22,1166730.44,true
OI0000337,ORD000140,PROD0060,SKU00158,1,587751.35,587751.35,true
OI0000338,ORD000141,PROD0019,SKU00052,3,50.95,152.85,true
OI0000339,ORD000142,PROD0025,SKU00069,1,77.36,77.36,true
OI0000340,ORD000142,PROD0013,SKU00030,2,67.59,135.18,true
OI0000341,ORD000143,PROD0076,SKU00200,1,1511.03,1511.03,true
OI0000342,ORD000144,PROD0080,SKU00208,2,146.03,292.06,true
OI0000343,ORD000144,PROD0008,SKU00018,1,55.98,55.98,true
OI0000344,ORD000145,PROD0006,SKU00012,3,878821.58,2636464.74,true
OI0000345,ORD000146,PROD0049,SKU00132,2,78.51,157.02,true
OI0000346,ORD000146,PROD0091,SKU00240,1,42.89,42.89,true
OI0000347,ORD000146,PROD0067,SKU00180,1,30.93,30.93,true
OI0000348,ORD000146,PROD0025,SKU00068,1,76.26,76.26,true
OI0000349,ORD000147,PROD0087,SKU00228,1,737.27,737.27,true
OI0000350,ORD000147,PROD0021,SKU00056,2,1334.27,2668.54,true
OI0000351,ORD000148,PROD0098,SKU00257,1,28.06,28.06,true
OI0000352,ORD000148,PROD0026,SKU00073,2,58.72,117.44,true
OI0000353,ORD000148,PROD0014,SKU00035,1,95.61,95.61,true
OI0000354,ORD000149,PROD0033,SKU00089,2,334.98,669.96,true
OI0000355,ORD000150,PROD0021,SKU00057,1,1371.53,1371.53,true
OI0000356,ORD000150,PROD0081,SKU00214,2,2164.59,4329.18,true
OI0000357,ORD000150,PROD0021,SKU00056,1,1334.27,1334.27,true
OI0000358,ORD000150,PROD0039,SKU00105,1,2655.76,2655.76,true
OI0000359,ORD000151,PROD0098,SKU00256,1,30.26,30.26,true
OI0000360,ORD000151,PROD0092,SKU00243,3,152.77,458.31,true
OI0000361,ORD000152,PROD0031,SKU00085,1,84.44,84.44,true
OI0000362,ORD000153,PROD0002,SKU00002,1,64.21,64.21,true
OI0000363,ORD000153,PROD0008,SKU00017,1,46.76,46.76,true
OI0000364,ORD000154,PROD0083,SKU00220,1,1528645.72,1528645.72,true
OI0000365,ORD000154,PROD0023,SKU00062,2,1734056.78,3468113.56,true
OI0000366,ORD000155,PROD0030,SKU00083,1,477718.09,477718.09,true
OI0000367,ORD000155,PROD0006,SKU00013,1,839080.40,839080.40,true
OI0000368,ORD000156,PROD0031,SKU00085,2,84.44,168.88,true
OI0000369,ORD000156,PROD0055,SKU00145,1,51.20,51.20,true
OI0000370,ORD000156,PROD0043,SKU00117,1,10.35,10.35,true
OI0000371,ORD000156,PROD0091,SKU00242,2,44.63,89.26,true
OI0000372,ORD000157,PROD0017,SKU00044,1,1513775.18,1513775.18,true
OI0000373,ORD000157,PROD0011,SKU00025,1,386241.43,386241.43,true
OI0000374,ORD000158,PROD0029,SKU00077,1,777631.56,777631.56,true
OI0000375,ORD000159,PROD0036,SKU00098,1,255958.83,255958.83,true
OI0000376,ORD000159,PROD0096,SKU00253,1,723622.53,723622.53,true
OI0000377,ORD000160,PROD0023,SKU00062,2,1734056.78,3468113.56,true
OI0000378,ORD000160,PROD0035,SKU00095,1,1192901.68,1192901.68,true
OI0000379,ORD000160,PROD0041,SKU00110,1,1270516.34,1270516.34,true
OI0000380,ORD000160,PROD0047,SKU00126,1,1079253.36,1079253.36,true
OI0000381,ORD000161,PROD0050,SKU00135,1,76.68,76.68,true
OI0000382,ORD000161,PROD0080,SKU00210,1,158.07,158.07,true
OI0000383,ORD000161,PROD0014,SKU00032,1,84.22,84.22,true
OI0000384,ORD000162,PROD0047,SKU00126,1,1079253.36,1079253.36,true
OI0000385,ORD000162,PROD0071,SKU00189,1,354036.28,354036.28,true
OI0000386,ORD000162,PROD0017,SKU00046,2,1341406.94,2682813.88,true
OI0000387,ORD000163,PROD0071,SKU00188,1,346284.88,346284.88,true
OI0000388,ORD000163,PROD0017,SKU00046,2,1341406.94,2682813.88,true
OI0000389,ORD000164,PROD0049,SKU00132,1,78.51,78.51,true
OI0000390,ORD000164,PROD0079,SKU00207,1,69.96,69.96,true
OI0000391,ORD000165,PROD0035,SKU00095,1,1192901.68,1192901.68,true
OI0000392,ORD000165,PROD0029,SKU00078,1,848037.47,848037.47,true
OI0000393,ORD000166,PROD0049,SKU00132,1,78.51,78.51,true
OI0000394,ORD000167,PROD0022,SKU00059,1,332.56,332.56,true
OI0000395,ORD000167,PROD0022,SKU00060,2,352.53,705.06,true
OI0000396,ORD000168,PROD0026,SKU00072,1,53.17,53.17,true
OI0000397,ORD000168,PROD0002,SKU00003,1,62.78,62.78,true
OI0000398,ORD000168,PROD0062,SKU00166,1,241.39,241.39,true
OI0000399,ORD000169,PROD0079,SKU00207,1,69.96,69.96,true
OI0000400,ORD000170,PROD0055,SKU00146,1,48.24,48.24,true
OI0000401,ORD000170,PROD0025,SKU00068,3,76.26,228.78,true
OI0000402,ORD000171,PROD0087,SKU00230,1,619.42,619.42,true
OI0000403,ORD000171,PROD0057,SKU00152,1,1577.56,1577.56,true
OI0000404,ORD000172,PROD0030,SKU00081,1,449713.81,449713.81,true
OI0000405,ORD000173,PROD0035,SKU00095,1,1192901.68,1192901.68,true
OI0000406,ORD000173,PROD0029,SKU00079,2,934640.31,1869280.62,true
OI0000407,ORD000173,PROD0047,SKU00128,2,1184067.92,2368135.84,true
OI0000408,ORD000174,PROD0081,SKU00212,1,2106.11,2106.11,true
OI0000409,ORD000174,PROD0087,SKU00229,1,668.61,668.61,true
OI0000410,ORD000174,PROD0087,SKU00231,1,694.75,694.75,true
OI0000411,ORD000175,PROD0038,SKU00104,2,241.44,482.88,true
OI0000412,ORD000176,PROD0077,SKU00202,1,990566.46,990566.46,true
OI0000413,ORD000176,PROD0083,SKU00219,1,1427699.40,1427699.40,true
OI0000414,ORD000176,PROD0071,SKU00190,1,393418.18,393418.18,true
OI0000415,ORD000176,PROD0035,SKU00095,1,1192901.68,1192901.68,true
OI0000416,ORD000177,PROD0049,SKU00133,1,67.80,67.80,true
OI0000417,ORD000177,PROD0073,SKU00194,1,30.43,30.43,true
OI0000418,ORD000178,PROD0087,SKU00229,1,668.61,668.61,true
OI0000419,ORD000178,PROD0057,SKU00151,1,1603.33,1603.33,true
OI0000420,ORD000178,PROD0087,SKU00228,1,737.27,737.27,true
OI0000421,ORD000179,PROD0004,SKU00006,1,1735.31,1735.31,true
OI0000422,ORD000180,PROD0093,SKU00244,2,1757.46,3514.92,true
OI0000423,ORD000181,PROD0063,SKU00168,2,3058.83,6117.66,true
OI0000424,ORD000181,PROD0009,SKU00021,1,3751.63,3751.63,true
OI0000425,ORD000181,PROD0075,SKU00199,2,3433.43,6866.86,true
OI0000426,ORD000182,PROD0019,SKU00052,1,50.95,50.95,true
OI0000427,ORD000183,PROD0004,SKU00008,1,1766.13,1766.13,true
OI0000428,ORD000183,PROD0082,SKU00215,1,240.41,240.41,true
OI0000429,ORD000183,PROD0016,SKU00042,3,1490.41,4471.23,true
OI0000430,ORD000184,PROD0063,SKU00170,1,2802.15,2802.15,true
OI0000431,ORD000185,PROD0019,SKU00051,1,57.51,57.51,true
OI0000432,ORD000185,PROD0031,SKU00084,3,81.42,244.26,true
OI0000433,ORD000185,PROD0043,SKU00118,1,11.15,11.15,true
OI0000434,ORD000185,PROD0049,SKU00132,2,78.51,157.02,true
OI0000435,ORD000186,PROD0009,SKU00019,1,3363.81,3363.81,true
OI0000436,ORD000187,PROD0080,SKU00210,1,158.07,158.07,true
OI0000437,ORD000187,PROD0098,SKU00258,1,26.98,26.98,true
OI0000438,ORD000187,PROD0056,SKU00150,2,61.25,122.50,true
OI0000439,ORD000188,PROD0071,SKU00189,1,354036.28,354036.28,true
OI0000440,ORD000188,PROD0071,SKU00188,1,346284.88,346284.88,true
OI0000441,ORD000189,PROD0097,SKU00255,1,29.49,29.49,true
OI0000442,ORD000189,PROD0091,SKU00239,1,45.78,45.78,true
OI0000443,ORD000190,PROD0097,SKU00254,1,26.62,26.62,true
OI0000444,ORD000190,PROD0031,SKU00085,1,84.44,84.44,true
OI0000445,ORD000191,PROD0009,SKU00020,1,3491.76,3491.76,true
OI0000446,ORD000191,PROD0057,SKU00151,1,1603.33,1603.33,true
OI0000447,ORD000191,PROD0099,SKU00259,1,1378.32,1378.32,true
OI0000448,ORD000191,PROD0063,SKU00170,1,2802.15,2802.15,true
OI0000449,ORD000192,PROD0025,SKU00067,1,75.42,75.42,true
OI0000450,ORD000192,PROD0085,SKU00225,1,35.29,35.29,true
OI0000451,ORD000193,PROD0093,SKU00244,1,1757.46,1757.46,true
OI0000452,ORD000193,PROD0015,SKU00039,1,2224.01,2224.01,true
OI0000453,ORD000194,PROD0004,SKU00006,1,1735.31,1735.31,true
OI0000454,ORD000194,PROD0064,SKU00172,1,402.64,402.64,true
OI0000455,ORD000194,PROD0022,SKU00060,1,352.53,352.53,true
OI0000456,ORD000195,PROD0090,SKU00236,1,531221.17,531221.17,true
OI0000457,ORD000195,PROD0054,SKU00143,1,530020.43,530020.43,true
OI0000458,ORD000196,PROD0068,SKU00181,1,242.41,242.41,true
OI0000459,ORD000196,PROD0014,SKU00032,2,84.22,168.44,true
OI0000460,ORD000196,PROD0026,SKU00070,1,50.85,50.85,true
OI0000461,ORD000197,PROD0090,SKU00236,1,531221.17,531221.17,true
OI0000462,ORD000197,PROD0042,SKU00114,2,640099.17,1280198.34,true
OI0000463,ORD000198,PROD0046,SKU00122,1,431.81,431.81,true
OI0000464,ORD000198,PROD0058,SKU00156,1,2263.34,2263.34,true
OI0000465,ORD000198,PROD0064,SKU00171,1,424.06,424.06,true
OI0000466,ORD000198,PROD0046,SKU00125,1,372.05,372.05,true
OI0000467,ORD000199,PROD0095,SKU00252,2,751595.94,1503191.88,true
OI0000468,ORD000199,PROD0071,SKU00188,1,346284.88,346284.88,true
OI0000469,ORD000199,PROD0017,SKU00046,1,1341406.94,1341406.94,true
OI0000470,ORD000200,PROD0030,SKU00082,2,457477.84,914955.68,true
OI0000471,ORD000200,PROD0006,SKU00012,1,878821.58,878821.58,true
OI0000472,ORD000201,PROD0078,SKU00205,1,231333.10,231333.10,true
OI0000473,ORD000201,PROD0048,SKU00130,1,768013.84,768013.84,true
OI0000474,ORD000202,PROD0063,SKU00169,1,3067.94,3067.94,true
OI0000475,ORD000202,PROD0021,SKU00057,1,1371.53,1371.53,true
OI0000476,ORD000203,PROD0074,SKU00198,1,270.01,270.01,true
OI0000477,ORD000203,PROD0008,SKU00017,3,46.76,140.28,true
OI0000478,ORD000203,PROD0002,SKU00002,1,64.21,64.21,true
OI0000479,ORD000204,PROD0059,SKU00157,1,1628860.67,1628860.67,true
OI0000480,ORD000204,PROD0089,SKU00234,1,617829.81,617829.81,true
OI0000481,ORD000204,PROD0065,SKU00175,2,1621774.14,3243548.28,true
OI0000482,ORD000205,PROD0074,SKU00196,1,285.40,285.40,true
OI0000483,ORD000206,PROD0091,SKU00242,1,44.63,44.63,true
OI0000484,ORD000206,PROD0049,SKU00133,1,67.80,67.80,true
OI0000485,ORD000207,PROD0041,SKU00110,2,1270516.34,2541032.68,true
OI0000486,ORD000207,PROD0077,SKU00202,1,990566.46,990566.46,true
OI0000487,ORD000207,PROD0065,SKU00174,1,1552367.79,1552367.79,true
OI0000488,ORD000208,PROD0096,SKU00253,1,723622.53,723622.53,true
OI0000489,ORD000209,PROD0056,SKU00147,1,64.48,64.48,true
OI0000490,ORD000209,PROD0038,SKU00104,2,241.44,482.88,true
OI0000491,ORD000210,PROD0032,SKU00086,2,197.98,395.96,true
OI0000492,ORD000210,PROD0032,SKU00088,2,228.67,457.34,true
OI0000493,ORD000210,PROD0038,SKU00104,1,241.44,241.44,true
OI0000494,ORD000211,PROD0093,SKU00244,1,1757.46,1757.46,true
OI0000495,ORD000212,PROD0004,SKU00008,1,1766.13,1766.13,true
OI0000496,ORD000212,PROD0004,SKU00006,1,1735.31,1735.31,true
OI0000497,ORD000212,PROD0076,SKU00200,2,1511.03,3022.06,true
OI0000498,ORD000212,PROD0010,SKU00023,1,365.49,365.49,true
OI0000499,ORD000213,PROD0002,SKU00004,1,60.37,60.37,true
OI0000500,ORD000214,PROD0030,SKU00083,2,477718.09,955436.18,true
OI0000501,ORD000214,PROD0090,SKU00238,2,497890.59,995781.18,true
OI0000502,ORD000214,PROD0018,SKU00048,1,618527.75,618527.75,true
OI0000503,ORD000214,PROD0084,SKU00223,2,412917.79,825835.58,true
OI0000504,ORD000215,PROD0090,SKU00237,1,496519.20,496519.20,true
OI0000505,ORD000215,PROD0006,SKU00012,1,878821.58,878821.58,true
OI0000506,ORD000215,PROD0006,SKU00011,1,844228.49,844228.49,true
OI0000507,ORD000216,PROD0033,SKU00089,1,334.98,334.98,true
OI0000508,ORD000216,PROD0063,SKU00168,1,3058.83,3058.83,true
OI0000509,ORD000216,PROD0015,SKU00037,1,2304.19,2304.19,true
OI0000510,ORD000217,PROD0047,SKU00126,1,1079253.36,1079253.36,true
OI0000511,ORD000217,PROD0083,SKU00220,1,1528645.72,1528645.72,true
OI0000512,ORD000218,PROD0019,SKU00051,1,57.51,57.51,true
OI0000513,ORD000218,PROD0091,SKU00242,1,44.63,44.63,true
OI0000514,ORD000218,PROD0055,SKU00145,1,51.20,51.20,true
OI0000515,ORD000218,PROD0043,SKU00116,1,10.74,10.74,true
OI0000516,ORD000219,PROD0082,SKU00217,1,265.63,265.63,true
OI0000517,ORD000219,PROD0058,SKU00155,1,2006.24,2006.24,true
OI0000518,ORD000220,PROD0062,SKU00167,3,280.14,840.42,true
OI0000519,ORD000221,PROD0025,SKU00069,1,77.36,77.36,true
OI0000520,ORD000221,PROD0091,SKU00239,1,45.78,45.78,true
OI0000521,ORD000221,PROD0067,SKU00180,1,30.93,30.93,true
OI0000522,ORD000222,PROD0035,SKU00094,1,1297161.78,1297161.78,true
OI0000523,ORD000222,PROD0065,SKU00174,2,1552367.79,3104735.58,true
OI0000524,ORD000223,PROD0087,SKU00230,1,619.42,619.42,true
OI0000525,ORD000223,PROD0045,SKU00121,1,2919.58,2919.58,true
OI0000526,ORD000223,PROD0081,SKU00213,1,1970.02,1970.02,true
OI0000527,ORD000224,PROD0060,SKU00158,2,587751.35,1175502.70,true
OI0000528,ORD000224,PROD0048,SKU00129,1,776592.87,776592.87,true
OI0000529,ORD000224,PROD0042,SKU00111,1,598079.80,598079.80,true
OI0000530,ORD000224,PROD0018,SKU00049,2,702973.71,1405947.42,true
OI0000531,ORD000225,PROD0026,SKU00071,1,50.68,50.68,true
OI0000532,ORD000225,PROD0080,SKU00209,1,154.94,154.94,true
OI0000533,ORD000225,PROD0062,SKU00164,1,249.48,249.48,true
OI0000534,ORD000225,PROD0056,SKU00147,1,64.48,64.48,true
OI0000535,ORD000226,PROD0035,SKU00093,2,1139879.70,2279759.40,true
OI0000536,ORD000227,PROD0076,SKU00201,1,1559.58,1559.58,true
OI0000537,ORD000227,PROD0070,SKU00186,2,1924.60,3849.20,true
OI0000538,ORD000227,PROD0094,SKU00248,1,1061.30,1061.30,true
OI0000539,ORD000228,PROD0041,SKU00110,1,1270516.34,1270516.34,true
OI0000540,ORD000228,PROD0071,SKU00188,2,346284.88,692569.76,true
OI0000541,ORD000228,PROD0017,SKU00045,2,1432398.55,2864797.10,true
OI0000542,ORD000228,PROD0095,SKU00250,1,799279.75,799279.75,true
OI0000543,ORD000229,PROD0030,SKU00083,1,477718.09,477718.09,true
OI0000544,ORD000229,PROD0078,SKU00204,1,200637.78,200637.78,true
OI0000545,ORD000229,PROD0060,SKU00158,2,587751.35,1175502.70,true
OI0000546,ORD000229,PROD0018,SKU00050,1,669442.39,669442.39,true
OI0000547,ORD000230,PROD0059,SKU00157,1,1628860.67,1628860.67,true
OI0000548,ORD000230,PROD0095,SKU00249,1,774461.78,774461.78,true
OI0000549,ORD000231,PROD0049,SKU00133,1,67.80,67.80,true
OI0000550,ORD000231,PROD0025,SKU00068,1,76.26,76.26,true
OI0000551,ORD000231,PROD0025,SKU00069,1,77.36,77.36,true
OI0000552,ORD000231,PROD0097,SKU00255,3,29.49,88.47,true
OI0000553,ORD000232,PROD0026,SKU00070,1,50.85,50.85,true
OI0000554,ORD000232,PROD0020,SKU00054,1,110.97,110.97,true
OI0000555,ORD000233,PROD0071,SKU00189,1,354036.28,354036.28,true
OI0000556,ORD000233,PROD0035,SKU00092,2,1317389.56,2634779.12,true
OI0000557,ORD000233,PROD0083,SKU00219,1,1427699.40,1427699.40,true
OI0000558,ORD000234,PROD0022,SKU00060,1,352.53,352.53,true
OI0000559,ORD000234,PROD0076,SKU00201,2,1559.58,3119.16,true
OI0000560,ORD000235,PROD0012,SKU00026,1,412826.09,412826.09,true
OI0000561,ORD000236,PROD0089,SKU00233,2,672068.51,1344137.02,true
OI0000562,ORD000236,PROD0071,SKU00188,1,346284.88,346284.88,true
OI0000563,ORD000236,PROD0017,SKU00044,1,1513775.18,1513775.18,true
OI0000564,ORD000236,PROD0083,SKU00220,1,1528645.72,1528645.72,true
OI0000565,ORD000237,PROD0079,SKU00207,1,69.96,69.96,true
OI0000566,ORD000237,PROD0085,SKU00225,1,35.29,35.29,true
OI0000567,ORD000237,PROD0055,SKU00145,1,51.20,51.20,true
OI0000568,ORD000238,PROD0029,SKU00077,2,777631.56,1555263.12,true
OI0000569,ORD000239,PROD0080,SKU00211,1,146.92,146.92,true
OI0000570,ORD000239,PROD0026,SKU00070,1,50.85,50.85,true
OI0000571,ORD000239,PROD0032,SKU00088,1,228.67,228.67,true
OI0000572,ORD000239,PROD0062,SKU00166,1,241.39,241.39,true
OI0000573,ORD000240,PROD0054,SKU00143,1,530020.43,530020.43,true
OI0000574,ORD000240,PROD0030,SKU00083,1,477718.09,477718.09,true
OI0000575,ORD000240,PROD0078,SKU00203,1,186418.93,186418.93,true
OI0000576,ORD000240,PROD0060,SKU00160,2,562540.10,1125080.20,true
OI0000577,ORD000241,PROD0084,SKU00223,1,412917.79,412917.79,true
OI0000578,ORD000241,PROD0006,SKU00012,1,878821.58,878821.58,true
OI0000579,ORD000242,PROD0032,SKU00086,2,197.98,395.96,true
OI0000580,ORD000242,PROD0074,SKU00198,1,270.01,270.01,true
OI0000581,ORD000242,PROD0098,SKU00256,1,30.26,30.26,true
OI0000582,ORD000242,PROD0020,SKU00054,1,110.97,110.97,true
OI0000583,ORD000243,PROD0043,SKU00116,1,10.74,10.74,true
OI0000584,ORD000243,PROD0061,SKU00162,1,94.04,94.04,true
OI0000585,ORD000243,PROD0031,SKU00084,2,81.42,162.84,true
OI0000586,ORD000244,PROD0098,SKU00257,1,28.06,28.06,true
OI0000587,ORD000244,PROD0002,SKU00002,1,64.21,64.21,true
OI0000588,ORD000244,PROD0074,SKU00195,1,286.31,286.31,true
OI0000589,ORD000244,PROD0098,SKU00256,1,30.26,30.26,true
OI0000590,ORD000245,PROD0012,SKU00027,1,464148.52,464148.52,true
OI0000591,ORD000245,PROD0078,SKU00204,1,200637.78,200637.78,true
OI0000592,ORD000246,PROD0077,SKU00202,1,990566.46,990566.46,true
OI0000593,ORD000246,PROD0089,SKU00234,1,617829.81,617829.81,true
OI0000594,ORD000247,PROD0046,SKU00123,1,451.68,451.68,true
OI0000595,ORD000247,PROD0082,SKU00216,1,228.01,228.01,true
OI0000596,ORD000248,PROD0091,SKU00239,1,45.78,45.78,true
OI0000597,ORD000248,PROD0031,SKU00085,2,84.44,168.88,true
OI0000598,ORD000248,PROD0043,SKU00117,1,10.35,10.35,true
OI0000599,ORD000248,PROD0097,SKU00254,1,26.62,26.62,true
OI0000600,ORD000249,PROD0089,SKU00234,1,617829.81,617829.81,true
OI0000601,ORD000249,PROD0023,SKU00063,1,1504447.05,1504447.05,true
OI0000602,ORD000249,PROD0017,SKU00044,1,1513775.18,1513775.18,true
OI0000603,ORD000249,PROD0035,SKU00095,1,1192901.68,1192901.68,true
OI0000604,ORD000250,PROD0035,SKU00093,1,1139879.70,1139879.70,true
OI0000605,ORD000250,PROD0095,SKU00251,2,836988.65,1673977.30,true
OI0000606,ORD000250,PROD0023,SKU00062,1,1734056.78,1734056.78,true
OI0000607,ORD000251,PROD0081,SKU00212,1,2106.11,2106.11,true
OI0000608,ORD000251,PROD0027,SKU00074,2,2354.63,4709.26,true
OI0000609,ORD000251,PROD0039,SKU00105,1,2655.76,2655.76,true
OI0000610,ORD000252,PROD0056,SKU00149,1,68.49,68.49,true
OI0000611,ORD000253,PROD0039,SKU00106,1,2835.23,2835.23,true
OI0000612,ORD000254,PROD0096,SKU00253,2,723622.53,1447245.06,true
OI0000613,ORD000254,PROD0042,SKU00114,1,640099.17,640099.17,true
OI0000614,ORD000254,PROD0072,SKU00191,2,100074.70,200149.40,true
OI0000615,ORD000254,PROD0060,SKU00161,1,538964.89,538964.89,true
OI0000616,ORD000255,PROD0050,SKU00136,1,76.48,76.48,true
OI0000617,ORD000255,PROD0056,SKU00147,2,64.48,128.96,true
OI0000618,ORD000256,PROD0080,SKU00211,1,146.92,146.92,true
OI0000619,ORD000256,PROD0080,SKU00209,1,154.94,154.94,true
OI0000620,ORD000256,PROD0026,SKU00070,3,50.85,152.55,true
OI0000621,ORD000256,PROD0014,SKU00032,1,84.22,84.22,true
OI0000622,ORD000257,PROD0022,SKU00061,3,290.47,871.41,true
OI0000623,ORD000257,PROD0046,SKU00125,1,372.05,372.05,true
OI0000624,ORD000257,PROD0004,SKU00008,3,1766.13,5298.39,true
OI0000625,ORD000258,PROD0070,SKU00184,1,1843.88,1843.88,true
OI0000626,ORD000258,PROD0010,SKU00022,2,372.09,744.18,true
OI0000627,ORD000259,PROD0038,SKU00101,1,223.70,223.70,true
OI0000628,ORD000259,PROD0086,SKU00227,1,162.65,162.65,true
OI0000629,ORD000259,PROD0056,SKU00147,1,64.48,64.48,true
OI0000630,ORD000259,PROD0044,SKU00119,1,60.15,60.15,true
OI0000631,ORD000260,PROD0043,SKU00117,1,10.35,10.35,true
OI0000632,ORD000261,PROD0092,SKU00243,1,152.77,152.77,true
OI0000633,ORD000261,PROD0038,SKU00101,1,223.70,223.70,true
OI0000634,ORD000262,PROD0014,SKU00032,1,84.22,84.22,true
OI0000635,ORD000262,PROD0056,SKU00148,1,69.54,69.54,true
OI0000636,ORD000262,PROD0026,SKU00071,1,50.68,50.68,true
OI0000637,ORD000263,PROD0021,SKU00056,1,1334.27,1334.27,true
OI0000638,ORD000263,PROD0051,SKU00137,2,3946.66,7893.32,true
OI0000639,ORD000263,PROD0021,SKU00057,2,1371.53,2743.06,true
OI0000640,ORD000264,PROD0005,SKU00010,1,568240.08,568240.08,true
OI0000641,ORD000264,PROD0011,SKU00025,1,386241.43,386241.43,true
OI0000642,ORD000265,PROD0054,SKU00143,1,530020.43,530020.43,true
OI0000643,ORD000265,PROD0042,SKU00111,1,598079.80,598079.80,true
OI0000644,ORD000265,PROD0042,SKU00113,1,583365.22,583365.22,true
OI0000645,ORD000265,PROD0060,SKU00160,1,562540.10,562540.10,true
OI0000646,ORD000266,PROD0039,SKU00106,2,2835.23,5670.46,true
OI0000647,ORD000266,PROD0015,SKU00036,1,2198.83,2198.83,true
OI0000648,ORD000266,PROD0081,SKU00214,2,2164.59,4329.18,true
OI0000649,ORD000267,PROD0062,SKU00166,2,241.39,482.78,true
OI0000650,ORD000267,PROD0044,SKU00120,3,58.12,174.36,true
OI0000651,ORD000268,PROD0052,SKU00139,2,652.96,1305.92,true
OI0000652,ORD000269,PROD0088,SKU00232,1,1309.11,1309.11,true
OI0000653,ORD000269,PROD0076,SKU00200,1,1511.03,1511.03,true
OI0000654,ORD000270,PROD0073,SKU00192,1,27.91,27.91,true
OI0000655,ORD000270,PROD0043,SKU00117,1,10.35,10.35,true
OI0000656,ORD000270,PROD0085,SKU00226,1,39.61,39.61,true
OI0000657,ORD000270,PROD0067,SKU00180,1,30.93,30.93,true
OI0000658,ORD000271,PROD0061,SKU00162,1,94.04,94.04,true
OI0000659,ORD000271,PROD0001,SKU00001,1,12.19,12.19,true
OI0000660,ORD000271,PROD0019,SKU00051,1,57.51,57.51,true
OI0000661,ORD000272,PROD0050,SKU00136,1,76.48,76.48,true
OI0000662,ORD000272,PROD0098,SKU00258,1,26.98,26.98,true
OI0000663,ORD000272,PROD0080,SKU00210,1,158.07,158.07,true
OI0000664,ORD000273,PROD0049,SKU00134,2,67.08,134.16,true
OI0000665,ORD000273,PROD0025,SKU00069,1,77.36,77.36,true
OI0000666,ORD000273,PROD0049,SKU00132,1,78.51,78.51,true
OI0000667,ORD000273,PROD0055,SKU00145,2,51.20,102.40,true
OI0000668,ORD000274,PROD0041,SKU00108,1,1506819.69,1506819.69,true
OI0000669,ORD000274,PROD0011,SKU00025,1,386241.43,386241.43,true
OI0000670,ORD000274,PROD0095,SKU00250,2,799279.75,1598559.50,true
OI0000671,ORD000275,PROD0061,SKU00163,1,79.38,79.38,true
OI0000672,ORD000275,PROD0031,SKU00085,1,84.44,84.44,true
OI0000673,ORD000276,PROD0021,SKU00056,1,1334.27,1334.27,true
OI0000674,ORD000276,PROD0015,SKU00037,1,2304.19,2304.19,true
OI0000675,ORD000277,PROD0079,SKU00206,1,63.35,63.35,true
OI0000676,ORD000277,PROD0025,SKU00067,1,75.42,75.42,true
OI0000677,ORD000278,PROD0049,SKU00133,2,67.80,135.60,true
OI0000678,ORD000278,PROD0037,SKU00100,2,70.85,141.70,true
OI0000679,ORD000278,PROD0043,SKU00116,1,10.74,10.74,true
OI0000680,ORD000279,PROD0043,SKU00116,1,10.74,10.74,true
OI0000681,ORD000279,PROD0025,SKU00067,1,75.42,75.42,true
OI0000682,ORD000280,PROD0061,SKU00163,1,79.38,79.38,true
OI0000683,ORD000280,PROD0025,SKU00067,1,75.42,75.42,true
OI0000684,ORD000280,PROD0031,SKU00085,1,84.44,84.44,true
OI0000685,ORD000281,PROD0026,SKU00070,1,50.85,50.85,true
OI0000686,ORD000281,PROD0038,SKU00101,1,223.70,223.70,true
OI0000687,ORD000282,PROD0065,SKU00174,2,1552367.79,3104735.58,true
OI0000688,ORD000282,PROD0035,SKU00092,3,1317389.56,3952168.68,true
OI0000689,ORD000282,PROD0095,SKU00252,1,751595.94,751595.94,true
OI0000690,ORD000283,PROD0043,SKU00118,1,11.15,11.15,true
OI0000691,ORD000283,PROD0007,SKU00015,2,85.75,171.50,true
OI0000692,ORD000283,PROD0097,SKU00255,1,29.49,29.49,true
OI0000693,ORD000284,PROD0043,SKU00118,1,11.15,11.15,true
OI0000694,ORD000284,PROD0043,SKU00117,2,10.35,20.70,true
OI0000695,ORD000284,PROD0091,SKU00239,1,45.78,45.78,true
OI0000696,ORD000284,PROD0025,SKU00068,2,76.26,152.52,true
OI0000697,ORD000285,PROD0060,SKU00158,2,587751.35,1175502.70,true
OI0000698,ORD000285,PROD0042,SKU00114,1,640099.17,640099.17,true
OI0000699,ORD000286,PROD0021,SKU00056,1,1334.27,1334.27,true
OI0000700,ORD000287,PROD0025,SKU00069,1,77.36,77.36,true
OI0000701,ORD000287,PROD0067,SKU00180,2,30.93,61.86,true
OI0000702,ORD000287,PROD0091,SKU00240,1,42.89,42.89,true
OI0000703,ORD000288,PROD0032,SKU00087,1,218.78,218.78,true
OI0000704,ORD000289,PROD0018,SKU00048,2,618527.75,1237055.50,true
OI0000705,ORD000289,PROD0060,SKU00158,1,587751.35,587751.35,true
OI0000706,ORD000289,PROD0066,SKU00176,1,216988.62,216988.62,true
OI0000707,ORD000290,PROD0017,SKU00045,1,1432398.55,1432398.55,true
OI0000708,ORD000291,PROD0017,SKU00046,1,1341406.94,1341406.94,true
OI0000709,ORD000292,PROD0079,SKU00207,1,69.96,69.96,true
OI0000710,ORD000293,PROD0087,SKU00230,1,619.42,619.42,true
OI0000711,ORD000293,PROD0009,SKU00019,1,3363.81,3363.81,true
OI0000712,ORD000293,PROD0027,SKU00075,1,2626.08,2626.08,true
OI0000713,ORD000294,PROD0048,SKU00129,2,776592.87,1553185.74,true
OI0000714,ORD000294,PROD0060,SKU00161,1,538964.89,538964.89,true
OI0000715,ORD000295,PROD0040,SKU00107,1,1767.10,1767.10,true
OI0000716,ORD000295,PROD0082,SKU00216,2,228.01,456.02,true
OI0000717,ORD000295,PROD0016,SKU00041,1,1606.71,1606.71,true
OI0000718,ORD000296,PROD0031,SKU00084,2,81.42,162.84,true
OI0000719,ORD000297,PROD0055,SKU00146,1,48.24,48.24,true
OI0000720,ORD000298,PROD0058,SKU00156,1,2263.34,2263.34,true
OI0000721,ORD000299,PROD0008,SKU00017,1,46.76,46.76,true
OI0000722,ORD000299,PROD0074,SKU00196,1,285.40,285.40,true
OI0000723,ORD000300,PROD0022,SKU00059,1,332.56,332.56,true
OI0000724,ORD000300,PROD0022,SKU00060,1,352.53,352.53,true
OI0000725,ORD000300,PROD0058,SKU00154,2,2057.90,4115.80,true
OI0000726,ORD000300,PROD0076,SKU00200,1,1511.03,1511.03,true
OI0000727,ORD000301,PROD0082,SKU00216,1,228.01,228.01,true
OI0000728,ORD000301,PROD0004,SKU00009,1,1648.68,1648.68,true
OI0000729,ORD000301,PROD0022,SKU00060,1,352.53,352.53,true
OI0000730,ORD000302,PROD0080,SKU00211,1,146.92,146.92,true
OI0000731,ORD000302,PROD0098,SKU00257,1,28.06,28.06,true
OI0000732,ORD000302,PROD0056,SKU00148,3,69.54,208.62,true
OI0000733,ORD000303,PROD0091,SKU00241,2,46.64,93.28,true
OI0000734,ORD000303,PROD0079,SKU00206,2,63.35,126.70,true
OI0000735,ORD000303,PROD0079,SKU00207,1,69.96,69.96,true
OI0000736,ORD000303,PROD0091,SKU00242,1,44.63,44.63,true
OI0000737,ORD000304,PROD0091,SKU00239,1,45.78,45.78,true
OI0000738,ORD000304,PROD0091,SKU00241,1,46.64,46.64,true
OI0000739,ORD000305,PROD0064,SKU00172,2,402.64,805.28,true
OI0000740,ORD000305,PROD0082,SKU00218,2,244.06,488.12,true
OI0000741,ORD000306,PROD0029,SKU00079,1,934640.31,934640.31,true
OI0000742,ORD000306,PROD0017,SKU00046,1,1341406.94,1341406.94,true
OI0000743,ORD000306,PROD0065,SKU00175,1,1621774.14,1621774.14,true
OI0000744,ORD000306,PROD0011,SKU00025,1,386241.43,386241.43,true
OI0000745,ORD000307,PROD0082,SKU00216,2,228.01,456.02,true
OI0000746,ORD000307,PROD0016,SKU00042,1,1490.41,1490.41,true
OI0000747,ORD000307,PROD0010,SKU00022,1,372.09,372.09,true
OI0000748,ORD000307,PROD0022,SKU00059,1,332.56,332.56,true
OI0000749,ORD000308,PROD0081,SKU00213,1,1970.02,1970.02,true
OI0000750,ORD000308,PROD0051,SKU00137,2,3946.66,7893.32,true
OI0000751,ORD000308,PROD0015,SKU00036,2,2198.83,4397.66,true
OI0000752,ORD000309,PROD0074,SKU00198,1,270.01,270.01,true
OI0000753,ORD000309,PROD0080,SKU00210,1,158.07,158.07,true
OI0000754,ORD000309,PROD0062,SKU00165,2,232.41,464.82,true
OI0000755,ORD000310,PROD0043,SKU00116,1,10.74,10.74,true
OI0000756,ORD000310,PROD0079,SKU00206,1,63.35,63.35,true
OI0000757,ORD000310,PROD0013,SKU00029,1,71.39,71.39,true
OI0000758,ORD000310,PROD0025,SKU00067,2,75.42,150.84,true
OI0000759,ORD000311,PROD0061,SKU00163,1,79.38,79.38,true
OI0000760,ORD000311,PROD0013,SKU00030,1,67.59,67.59,true
OI0000761,ORD000312,PROD0100,SKU00260,1,423.84,423.84,true
OI0000762,ORD000312,PROD0004,SKU00008,1,1766.13,1766.13,true
OI0000763,ORD000312,PROD0058,SKU00154,2,2057.90,4115.80,true
OI0000764,ORD000312,PROD0076,SKU00200,1,1511.03,1511.03,true
OI0000765,ORD000313,PROD0025,SKU00068,1,76.26,76.26,true
OI0000766,ORD000314,PROD0080,SKU00211,1,146.92,146.92,true
OI0000767,ORD000315,PROD0030,SKU00080,1,385998.04,385998.04,true
OI0000768,ORD000316,PROD0014,SKU00034,1,87.55,87.55,true
OI0000769,ORD000316,PROD0020,SKU00054,1,110.97,110.97,true
OI0000770,ORD000316,PROD0056,SKU00148,1,69.54,69.54,true
OI0000771,ORD000316,PROD0008,SKU00018,1,55.98,55.98,true
OI0000772,ORD000317,PROD0042,SKU00114,1,640099.17,640099.17,true
OI0000773,ORD000317,PROD0078,SKU00204,1,200637.78,200637.78,true
OI0000774,ORD000318,PROD0020,SKU00055,1,131.40,131.40,true
OI0000775,ORD000318,PROD0038,SKU00102,1,261.50,261.50,true
OI0000776,ORD000318,PROD0056,SKU00149,1,68.49,68.49,true
OI0000777,ORD000318,PROD0074,SKU00198,1,270.01,270.01,true
OI0000778,ORD000319,PROD0076,SKU00200,3,1511.03,4533.09,true
OI0000779,ORD000319,PROD0034,SKU00091,1,1164.86,1164.86,true
OI0000780,ORD000320,PROD0085,SKU00226,1,39.61,39.61,true
OI0000781,ORD000320,PROD0019,SKU00052,1,50.95,50.95,true
OI0000782,ORD000320,PROD0073,SKU00192,3,27.91,83.73,true
OI0000783,ORD000320,PROD0079,SKU00206,1,63.35,63.35,true
OI0000784,ORD000321,PROD0017,SKU00046,2,1341406.94,2682813.88,true
OI0000785,ORD000321,PROD0035,SKU00092,1,1317389.56,1317389.56,true
OI0000786,ORD000321,PROD0017,SKU00044,1,1513775.18,1513775.18,true
OI0000787,ORD000321,PROD0071,SKU00190,1,393418.18,393418.18,true
OI0000788,ORD000322,PROD0019,SKU00051,1,57.51,57.51,true
OI0000789,ORD000322,PROD0043,SKU00115,1,11.43,11.43,true
OI0000790,ORD000322,PROD0013,SKU00030,1,67.59,67.59,true
OI0000791,ORD000322,PROD0097,SKU00255,1,29.49,29.49,true
OI0000792,ORD000323,PROD0050,SKU00135,1,76.68,76.68,true
OI0000793,ORD000324,PROD0080,SKU00211,3,146.92,440.76,true
OI0000794,ORD000325,PROD0010,SKU00024,1,357.98,357.98,true
OI0000795,ORD000325,PROD0058,SKU00156,1,2263.34,2263.34,true
OI0000796,ORD000325,PROD0022,SKU00060,1,352.53,352.53,true
OI0000797,ORD000325,PROD0076,SKU00200,2,1511.03,3022.06,true
OI0000798,ORD000326,PROD0091,SKU00239,2,45.78,91.56,true
OI0000799,ORD000327,PROD0035,SKU00094,1,1297161.78,1297161.78,true
OI0000800,ORD000327,PROD0029,SKU00077,1,777631.56,777631.56,true
OI0000801,ORD000327,PROD0083,SKU00220,2,1528645.72,3057291.44,true
OI0000802,ORD000328,PROD0058,SKU00154,1,2057.90,2057.90,true
OI0000803,ORD000328,PROD0016,SKU00042,2,1490.41,2980.82,true
OI0000804,ORD000329,PROD0056,SKU00148,1,69.54,69.54,true
OI0000805,ORD000329,PROD0032,SKU00086,1,197.98,197.98,true
OI0000806,ORD000330,PROD0012,SKU00028,1,373804.90,373804.90,true
OI0000807,ORD000330,PROD0006,SKU00011,3,844228.49,2532685.47,true
OI0000808,ORD000330,PROD0066,SKU00179,1,223631.32,223631.32,true
OI0000809,ORD000330,PROD0018,SKU00049,2,702973.71,1405947.42,true
OI0000810,ORD000331,PROD0084,SKU00224,1,394415.03,394415.03,true
OI0000811,ORD000332,PROD0080,SKU00208,1,146.03,146.03,true
OI0000812,ORD000333,PROD0056,SKU00148,1,69.54,69.54,true
OI0000813,ORD000333,PROD0098,SKU00257,1,28.06,28.06,true
OI0000814,ORD000334,PROD0046,SKU00124,1,441.55,441.55,true
OI0000815,ORD000335,PROD0071,SKU00188,2,346284.88,692569.76,true
OI0000816,ORD000335,PROD0005,SKU00010,1,568240.08,568240.08,true
OI0000817,ORD000335,PROD0017,SKU00046,1,1341406.94,1341406.94,true
OI0000818,ORD000336,PROD0030,SKU00081,1,449713.81,449713.81,true
OI0000819,ORD000336,PROD0054,SKU00144,2,503033.26,1006066.52,true
OI0000820,ORD000336,PROD0024,SKU00065,1,616973.77,616973.77,true
OI0000821,ORD000336,PROD0036,SKU00099,1,266099.35,266099.35,true
OI0000822,ORD000337,PROD0079,SKU00207,1,69.96,69.96,true
OI0000823,ORD000337,PROD0097,SKU00255,1,29.49,29.49,true
OI0000824,ORD000337,PROD0043,SKU00117,2,10.35,20.70,true
OI0000825,ORD000337,PROD0025,SKU00066,1,79.39,79.39,true
OI0000826,ORD000338,PROD0056,SKU00148,1,69.54,69.54,true
OI0000827,ORD000338,PROD0002,SKU00002,2,64.21,128.42,true
OI0000828,ORD000338,PROD0014,SKU00032,1,84.22,84.22,true
OI0000829,ORD000339,PROD0034,SKU00091,1,1164.86,1164.86,true
OI0000830,ORD000339,PROD0082,SKU00215,2,240.41,480.82,true
OI0000831,ORD000340,PROD0094,SKU00245,3,1063.24,3189.72,true
OI0000832,ORD000340,PROD0094,SKU00246,2,1287.71,2575.42,true
OI0000833,ORD000341,PROD0067,SKU00180,3,30.93,92.79,true
OI0000834,ORD000341,PROD0025,SKU00068,1,76.26,76.26,true
OI0000835,ORD000341,PROD0079,SKU00206,1,63.35,63.35,true
OI0000836,ORD000341,PROD0061,SKU00162,1,94.04,94.04,true
OI0000837,ORD000342,PROD0073,SKU00194,1,30.43,30.43,true
OI0000838,ORD000342,PROD0091,SKU00239,1,45.78,45.78,true
OI0000839,ORD000342,PROD0061,SKU00162,1,94.04,94.04,true
OI0000840,ORD000343,PROD0076,SKU00200,2,1511.03,3022.06,true
OI0000841,ORD000344,PROD0046,SKU00122,3,431.81,1295.43,true
OI0000842,ORD000345,PROD0087,SKU00228,1,737.27,737.27,true
OI0000843,ORD000346,PROD0074,SKU00195,1,286.31,286.31,true
OI0000844,ORD000346,PROD0026,SKU00072,1,53.17,53.17,true
OI0000845,ORD000346,PROD0074,SKU00196,1,285.40,285.40,true
OI0000846,ORD000346,PROD0080,SKU00210,2,158.07,316.14,true
OI0000847,ORD000347,PROD0062,SKU00167,1,280.14,280.14,true
OI0000848,ORD000347,PROD0032,SKU00087,1,218.78,218.78,true
OI0000849,ORD000347,PROD0062,SKU00165,1,232.41,232.41,true
OI0000850,ORD000348,PROD0082,SKU00216,1,228.01,228.01,true
OI0000851,ORD000348,PROD0082,SKU00217,3,265.63,796.89,true
OI0000852,ORD000348,PROD0028,SKU00076,1,2571.10,2571.10,true
OI0000853,ORD000348,PROD0088,SKU00232,1,1309.11,1309.11,true
OI0000854,ORD000349,PROD0006,SKU00014,1,814391.17,814391.17,true
OI0000855,ORD000349,PROD0072,SKU00191,1,100074.70,100074.70,true
OI0000856,ORD000349,PROD0030,SKU00080,1,385998.04,385998.04,true
OI0000857,ORD000349,PROD0060,SKU00161,1,538964.89,538964.89,true
OI0000858,ORD000350,PROD0038,SKU00104,1,241.44,241.44,true
OI0000859,ORD000350,PROD0050,SKU00135,1,76.68,76.68,true
OI0000860,ORD000350,PROD0080,SKU00209,1,154.94,154.94,true
OI0000861,ORD000351,PROD0095,SKU00251,1,836988.65,836988.65,true
OI0000862,ORD000351,PROD0047,SKU00128,1,1184067.92,1184067.92,true
OI0000863,ORD000352,PROD0064,SKU00171,2,424.06,848.12,true
OI0000864,ORD000353,PROD0020,SKU00054,1,110.97,110.97,true
OI0000865,ORD000353,PROD0098,SKU00257,1,28.06,28.06,true
OI0000866,ORD000354,PROD0054,SKU00142,1,476842.39,476842.39,true
OI0000867,ORD000354,PROD0048,SKU00130,1,768013.84,768013.84,true
OI0000868,ORD000355,PROD0094,SKU00247,1,1140.52,1140.52,true
OI0000869,ORD000355,PROD0016,SKU00043,3,1610.66,4831.98,true
OI0000870,ORD000355,PROD0028,SKU00076,1,2571.10,2571.10,true
OI0000871,ORD000355,PROD0022,SKU00059,2,332.56,665.12,true
OI0000872,ORD000356,PROD0094,SKU00245,1,1063.24,1063.24,true
OI0000873,ORD000356,PROD0052,SKU00139,1,652.96,652.96,true
OI0000874,ORD000357,PROD0035,SKU00093,1,1139879.70,1139879.70,true
OI0000875,ORD000357,PROD0065,SKU00175,1,1621774.14,1621774.14,true
OI0000876,ORD000358,PROD0091,SKU00242,1,44.63,44.63,true
OI0000877,ORD000358,PROD0055,SKU00146,1,48.24,48.24,true
OI0000878,ORD000359,PROD0063,SKU00169,1,3067.94,3067.94,true
OI0000879,ORD000360,PROD0034,SKU00090,2,1384.12,2768.24,true
OI0000880,ORD000360,PROD0094,SKU00248,1,1061.30,1061.30,true
OI0000881,ORD000360,PROD0022,SKU00061,1,290.47,290.47,true
OI0000882,ORD000361,PROD0026,SKU00071,1,50.68,50.68,true
OI0000883,ORD000361,PROD0032,SKU00088,1,228.67,228.67,true
OI0000884,ORD000361,PROD0026,SKU00070,1,50.85,50.85,true
OI0000885,ORD000362,PROD0057,SKU00151,1,1603.33,1603.33,true
OI0000886,ORD000362,PROD0009,SKU00020,3,3491.76,10475.28,true
OI0000887,ORD000362,PROD0087,SKU00229,1,668.61,668.61,true
OI0000888,ORD000363,PROD0004,SKU00006,2,1735.31,3470.62,true
OI0000889,ORD000363,PROD0016,SKU00041,2,1606.71,3213.42,true
OI0000890,ORD000363,PROD0046,SKU00122,1,431.81,431.81,true
OI0000891,ORD000363,PROD0082,SKU00216,2,228.01,456.02,true
OI0000892,ORD000364,PROD0020,SKU00055,2,131.40,262.80,true
OI0000893,ORD000364,PROD0080,SKU00211,3,146.92,440.76,true
OI0000894,ORD000364,PROD0038,SKU00104,1,241.44,241.44,true
OI0000895,ORD000364,PROD0098,SKU00258,1,26.98,26.98,true
OI0000896,ORD000365,PROD0026,SKU00071,1,50.68,50.68,true
OI0000897,ORD000365,PROD0038,SKU00102,1,261.50,261.50,true
OI0000898,ORD000365,PROD0014,SKU00033,2,94.30,188.60,true
OI0000899,ORD000366,PROD0009,SKU00019,1,3363.81,3363.81,true
OI0000900,ORD000366,PROD0033,SKU00089,1,334.98,334.98,true
OI0000901,ORD000366,PROD0063,SKU00168,1,3058.83,3058.83,true
OI0000902,ORD000366,PROD0099,SKU00259,1,1378.32,1378.32,true
OI0000903,ORD000367,PROD0027,SKU00075,1,2626.08,2626.08,true
OI0000904,ORD000368,PROD0084,SKU00224,1,394415.03,394415.03,true
OI0000905,ORD000369,PROD0016,SKU00041,2,1606.71,3213.42,true
OI0000906,ORD000369,PROD0070,SKU00184,2,1843.88,3687.76,true
OI0000907,ORD000370,PROD0047,SKU00127,1,1137574.39,1137574.39,true
OI0000908,ORD000371,PROD0071,SKU00188,1,346284.88,346284.88,true
OI0000909,ORD000371,PROD0065,SKU00175,2,1621774.14,3243548.28,true
OI0000910,ORD000372,PROD0009,SKU00019,1,3363.81,3363.81,true
OI0000911,ORD000372,PROD0009,SKU00020,1,3491.76,3491.76,true
OI0000912,ORD000373,PROD0025,SKU00067,1,75.42,75.42,true
OI0000913,ORD000373,PROD0097,SKU00255,1,29.49,29.49,true
OI0000914,ORD000374,PROD0038,SKU00102,1,261.50,261.50,true
OI0000915,ORD000374,PROD0080,SKU00211,3,146.92,440.76,true
OI0000916,ORD000374,PROD0038,SKU00103,1,264.70,264.70,true
OI0000917,ORD000375,PROD0084,SKU00221,1,403023.05,403023.05,true
OI0000918,ORD000375,PROD0018,SKU00047,1,632252.44,632252.44,true
OI0000919,ORD000375,PROD0060,SKU00158,1,587751.35,587751.35,true
OI0000920,ORD000376,PROD0006,SKU00013,1,839080.40,839080.40,true
OI0000921,ORD000376,PROD0066,SKU00177,1,200447.96,200447.96,true
OI0000922,ORD000377,PROD0034,SKU00091,1,1164.86,1164.86,true
OI0000923,ORD000377,PROD0004,SKU00009,1,1648.68,1648.68,true
OI0000924,ORD000377,PROD0064,SKU00171,1,424.06,424.06,true
OI0000925,ORD000377,PROD0022,SKU00061,1,290.47,290.47,true
OI0000926,ORD000378,PROD0087,SKU00229,1,668.61,668.61,true
OI0000927,ORD000378,PROD0039,SKU00105,2,2655.76,5311.52,true
OI0000928,ORD000378,PROD0057,SKU00151,1,1603.33,1603.33,true
OI0000929,ORD000378,PROD0009,SKU00021,2,3751.63,7503.26,true
OI0000930,ORD000379,PROD0043,SKU00116,1,10.74,10.74,true
OI0000931,ORD000379,PROD0013,SKU00031,2,66.28,132.56,true
OI0000932,ORD000379,PROD0085,SKU00225,1,35.29,35.29,true
OI0000933,ORD000379,PROD0025,SKU00069,1,77.36,77.36,true
OI0000934,ORD000380,PROD0011,SKU00025,1,386241.43,386241.43,true
OI0000935,ORD000380,PROD0047,SKU00128,1,1184067.92,1184067.92,true
OI0000936,ORD000381,PROD0074,SKU00197,1,276.76,276.76,true
OI0000937,ORD000381,PROD0044,SKU00119,1,60.15,60.15,true
OI0000938,ORD000381,PROD0098,SKU00258,2,26.98,53.96,true
OI0000939,ORD000382,PROD0021,SKU00056,1,1334.27,1334.27,true
OI0000940,ORD000382,PROD0087,SKU00229,1,668.61,668.61,true
OI0000941,ORD000382,PROD0009,SKU00021,2,3751.63,7503.26,true
OI0000942,ORD000383,PROD0094,SKU00246,1,1287.71,1287.71,true
OI0000943,ORD000384,PROD0004,SKU00006,1,1735.31,1735.31,true
OI0000944,ORD000385,PROD0035,SKU00093,1,1139879.70,1139879.70,true
OI0000945,ORD000385,PROD0059,SKU00157,1,1628860.67,1628860.67,true
OI0000946,ORD000385,PROD0011,SKU00025,1,386241.43,386241.43,true
OI0000947,ORD000385,PROD0065,SKU00175,1,1621774.14,1621774.14,true
OI0000948,ORD000386,PROD0009,SKU00019,1,3363.81,3363.81,true
OI0000949,ORD000386,PROD0021,SKU00058,1,1325.08,1325.08,true
OI0000950,ORD000387,PROD0025,SKU00069,1,77.36,77.36,true
OI0000951,ORD000387,PROD0091,SKU00241,1,46.64,46.64,true
OI0000952,ORD000387,PROD0019,SKU00052,1,50.95,50.95,true
OI0000953,ORD000388,PROD0094,SKU00246,1,1287.71,1287.71,true
OI0000954,ORD000389,PROD0083,SKU00220,2,1528645.72,3057291.44,true
OI0000955,ORD000389,PROD0017,SKU00046,1,1341406.94,1341406.94,true
OI0000956,ORD000389,PROD0065,SKU00174,1,1552367.79,1552367.79,true
OI0000957,ORD000389,PROD0095,SKU00249,1,774461.78,774461.78,true
OI0000958,ORD000390,PROD0020,SKU00053,1,109.14,109.14,true
OI0000959,ORD000391,PROD0082,SKU00217,1,265.63,265.63,true
OI0000960,ORD000391,PROD0094,SKU00245,1,1063.24,1063.24,true
OI0000961,ORD000391,PROD0040,SKU00107,1,1767.10,1767.10,true
OI0000962,ORD000392,PROD0089,SKU00234,3,617829.81,1853489.43,true
OI0000963,ORD000393,PROD0017,SKU00045,2,1432398.55,2864797.10,true
OI0000964,ORD000394,PROD0039,SKU00105,1,2655.76,2655.76,true
OI0000965,ORD000394,PROD0015,SKU00037,1,2304.19,2304.19,true
OI0000966,ORD000395,PROD0063,SKU00168,3,3058.83,9176.49,true
OI0000967,ORD000396,PROD0026,SKU00072,1,53.17,53.17,true
OI0000968,ORD000396,PROD0026,SKU00070,1,50.85,50.85,true
OI0000969,ORD000396,PROD0092,SKU00243,3,152.77,458.31,true
OI0000970,ORD000396,PROD0086,SKU00227,1,162.65,162.65,true
OI0000971,ORD000397,PROD0041,SKU00109,1,1418084.03,1418084.03,true
OI0000972,ORD000397,PROD0005,SKU00010,1,568240.08,568240.08,true
OI0000973,ORD000398,PROD0011,SKU00025,1,386241.43,386241.43,true
OI0000974,ORD000398,PROD0065,SKU00175,1,1621774.14,1621774.14,true
OI0000975,ORD000398,PROD0047,SKU00128,1,1184067.92,1184067.92,true
OI0000976,ORD000399,PROD0058,SKU00156,1,2263.34,2263.34,true
OI0000977,ORD000399,PROD0046,SKU00122,1,431.81,431.81,true
OI0000978,ORD000400,PROD0031,SKU00084,1,81.42,81.42,true
OI0000979,ORD000400,PROD0079,SKU00207,3,69.96,209.88,true
OI0000980,ORD000400,PROD0043,SKU00118,1,11.15,11.15,true
OI0000981,ORD000401,PROD0100,SKU00260,2,423.84,847.68,true
OI0000982,ORD000401,PROD0094,SKU00245,1,1063.24,1063.24,true
OI0000983,ORD000402,PROD0039,SKU00106,1,2835.23,2835.23,true
OI0000984,ORD000402,PROD0081,SKU00214,1,2164.59,2164.59,true
OI0000985,ORD000402,PROD0081,SKU00213,1,1970.02,1970.02,true
OI0000986,ORD000402,PROD0063,SKU00170,1,2802.15,2802.15,true
OI0000987,ORD000403,PROD0029,SKU00077,3,777631.56,2332894.68,true
OI0000988,ORD000403,PROD0095,SKU00251,1,836988.65,836988.65,true
OI0000989,ORD000403,PROD0041,SKU00110,1,1270516.34,1270516.34,true
OI0000990,ORD000404,PROD0079,SKU00207,2,69.96,139.92,true
OI0000991,ORD000405,PROD0025,SKU00067,2,75.42,150.84,true
OI0000992,ORD000406,PROD0026,SKU00070,1,50.85,50.85,true
OI0000993,ORD000407,PROD0090,SKU00238,1,497890.59,497890.59,true
OI0000994,ORD000407,PROD0066,SKU00177,1,200447.96,200447.96,true
OI0000995,ORD000407,PROD0006,SKU00012,2,878821.58,1757643.16,true
OI0000996,ORD000408,PROD0081,SKU00213,1,1970.02,1970.02,true
OI0000997,ORD000408,PROD0075,SKU00199,1,3433.43,3433.43,true
OI0000998,ORD000408,PROD0021,SKU00056,1,1334.27,1334.27,true
OI0000999,ORD000408,PROD0027,SKU00074,1,2354.63,2354.63,true
OI0001000,ORD000409,PROD0042,SKU00112,1,646733.03,646733.03,true
OI0001001,ORD000409,PROD0060,SKU00161,1,538964.89,538964.89,true
OI0001002,ORD000410,PROD0026,SKU00072,2,53.17,106.34,true
OI0001003,ORD000411,PROD0078,SKU00203,1,186418.93,186418.93,true
OI0001004,ORD000411,PROD0036,SKU00097,1,233444.97,233444.97,true
OI0001005,ORD000411,PROD0054,SKU00143,1,530020.43,530020.43,true
OI0001006,ORD000412,PROD0006,SKU00012,1,878821.58,878821.58,true
OI0001007,ORD000412,PROD0054,SKU00144,2,503033.26,1006066.52,true
OI0001008,ORD000413,PROD0031,SKU00084,2,81.42,162.84,true
OI0001009,ORD000413,PROD0025,SKU00066,1,79.39,79.39,true
OI0001010,ORD000413,PROD0019,SKU00052,1,50.95,50.95,true
OI0001011,ORD000413,PROD0001,SKU00001,1,12.19,12.19,true
OI0001012,ORD000414,PROD0098,SKU00256,1,30.26,30.26,true
OI0001013,ORD000414,PROD0020,SKU00053,1,109.14,109.14,true
OI0001014,ORD000414,PROD0068,SKU00181,1,242.41,242.41,true
OI0001015,ORD000415,PROD0085,SKU00226,1,39.61,39.61,true
OI0001016,ORD000415,PROD0073,SKU00192,2,27.91,55.82,true
OI0001017,ORD000415,PROD0073,SKU00193,1,28.01,28.01,true
OI0001018,ORD000415,PROD0055,SKU00146,3,48.24,144.72,true
OI0001019,ORD000416,PROD0056,SKU00147,2,64.48,128.96,true
OI0001020,ORD000416,PROD0014,SKU00033,1,94.30,94.30,true
OI0001021,ORD000417,PROD0046,SKU00124,1,441.55,441.55,true
OI0001022,ORD000418,PROD0036,SKU00098,1,255958.83,255958.83,true
OI0001023,ORD000418,PROD0012,SKU00027,2,464148.52,928297.04,true
OI0001024,ORD000419,PROD0006,SKU00012,2,878821.58,1757643.16,true
OI0001025,ORD000419,PROD0054,SKU00144,2,503033.26,1006066.52,true
OI0001026,ORD000420,PROD0090,SKU00235,1,595753.09,595753.09,true
OI0001027,ORD000420,PROD0054,SKU00141,1,452309.07,452309.07,true
OI0001028,ORD000420,PROD0066,SKU00179,1,223631.32,223631.32,true
OI0001029,ORD000421,PROD0057,SKU00152,1,1577.56,1577.56,true
OI0001030,ORD000421,PROD0015,SKU00039,1,2224.01,2224.01,true
OI0001031,ORD000421,PROD0063,SKU00170,1,2802.15,2802.15,true
OI0001032,ORD000422,PROD0031,SKU00085,1,84.44,84.44,true
OI0001033,ORD000423,PROD0036,SKU00098,2,255958.83,511917.66,true
OI0001034,ORD000423,PROD0066,SKU00177,2,200447.96,400895.92,true
OI0001035,ORD000423,PROD0048,SKU00130,2,768013.84,1536027.68,true
OI0001036,ORD000423,PROD0030,SKU00082,1,457477.84,457477.84,true
OI0001037,ORD000424,PROD0063,SKU00169,3,3067.94,9203.82,true
OI0001038,ORD000424,PROD0027,SKU00074,1,2354.63,2354.63,true
OI0001039,ORD000424,PROD0009,SKU00020,1,3491.76,3491.76,true
OI0001040,ORD000424,PROD0051,SKU00137,3,3946.66,11839.98,true
OI0001041,ORD000425,PROD0015,SKU00037,1,2304.19,2304.19,true
OI0001042,ORD000426,PROD0041,SKU00109,2,1418084.03,2836168.06,true
OI0001043,ORD000426,PROD0083,SKU00219,1,1427699.40,1427699.40,true
OI0001044,ORD000426,PROD0023,SKU00063,1,1504447.05,1504447.05,true
OI0001045,ORD000427,PROD0097,SKU00255,1,29.49,29.49,true
OI0001046,ORD000427,PROD0067,SKU00180,1,30.93,30.93,true
OI0001047,ORD000427,PROD0043,SKU00115,1,11.43,11.43,true
OI0001048,ORD000428,PROD0098,SKU00258,1,26.98,26.98,true
OI0001049,ORD000428,PROD0080,SKU00210,1,158.07,158.07,true
OI0001050,ORD000428,PROD0020,SKU00055,1,131.40,131.40,true
OI0001051,ORD000428,PROD0032,SKU00086,1,197.98,197.98,true
OI0001052,ORD000429,PROD0070,SKU00187,1,1882.82,1882.82,true
OI0001053,ORD000429,PROD0082,SKU00216,1,228.01,228.01,true
OI0001054,ORD000429,PROD0094,SKU00246,1,1287.71,1287.71,true
OI0001055,ORD000429,PROD0058,SKU00154,1,2057.90,2057.90,true
OI0001056,ORD000430,PROD0065,SKU00175,2,1621774.14,3243548.28,true
OI0001057,ORD000431,PROD0057,SKU00152,1,1577.56,1577.56,true
OI0001058,ORD000431,PROD0063,SKU00168,1,3058.83,3058.83,true
OI0001059,ORD000431,PROD0027,SKU00074,2,2354.63,4709.26,true
OI0001060,ORD000431,PROD0015,SKU00037,1,2304.19,2304.19,true
OI0001061,ORD000432,PROD0019,SKU00051,1,57.51,57.51,true
OI0001062,ORD000432,PROD0055,SKU00145,1,51.20,51.20,true
OI0001063,ORD000432,PROD0019,SKU00052,1,50.95,50.95,true
OI0001064,ORD000432,PROD0079,SKU00207,2,69.96,139.92,true
OI0001065,ORD000433,PROD0004,SKU00007,3,1647.91,4943.73,true
OI0001066,ORD000433,PROD0046,SKU00124,1,441.55,441.55,true
OI0001067,ORD000434,PROD0080,SKU00208,1,146.03,146.03,true
OI0001068,ORD000434,PROD0086,SKU00227,1,162.65,162.65,true
OI0001069,ORD000434,PROD0032,SKU00088,2,228.67,457.34,true
OI0001070,ORD000434,PROD0026,SKU00072,1,53.17,53.17,true
OI0001071,ORD000435,PROD0059,SKU00157,2,1628860.67,3257721.34,true
OI0001072,ORD000436,PROD0091,SKU00242,1,44.63,44.63,true
OI0001073,ORD000436,PROD0061,SKU00163,2,79.38,158.76,true
OI0001074,ORD000436,PROD0049,SKU00133,1,67.80,67.80,true
OI0001075,ORD000436,PROD0007,SKU00016,1,93.93,93.93,true
OI0001076,ORD000437,PROD0079,SKU00206,2,63.35,126.70,true
OI0001077,ORD000437,PROD0043,SKU00118,2,11.15,22.30,true
OI0001078,ORD000438,PROD0041,SKU00109,2,1418084.03,2836168.06,true
OI0001079,ORD000439,PROD0090,SKU00236,1,531221.17,531221.17,true
OI0001080,ORD000439,PROD0054,SKU00143,1,530020.43,530020.43,true
OI0001081,ORD000439,PROD0054,SKU00142,1,476842.39,476842.39,true
OI0001082,ORD000439,PROD0096,SKU00253,1,723622.53,723622.53,true
OI0001083,ORD000440,PROD0070,SKU00184,1,1843.88,1843.88,true
OI0001084,ORD000440,PROD0010,SKU00022,1,372.09,372.09,true
OI0001085,ORD000440,PROD0004,SKU00006,3,1735.31,5205.93,true
OI0001086,ORD000440,PROD0016,SKU00043,1,1610.66,1610.66,true
OI0001087,ORD000441,PROD0025,SKU00069,1,77.36,77.36,true
OI0001088,ORD000441,PROD0049,SKU00133,1,67.80,67.80,true
OI0001089,ORD000441,PROD0037,SKU00100,2,70.85,141.70,true
OI0001090,ORD000441,PROD0073,SKU00192,1,27.91,27.91,true
OI0001091,ORD000442,PROD0054,SKU00141,1,452309.07,452309.07,true
OI0001092,ORD000442,PROD0066,SKU00177,1,200447.96,200447.96,true
OI0001093,ORD000442,PROD0096,SKU00253,1,723622.53,723622.53,true
OI0001094,ORD000443,PROD0030,SKU00081,1,449713.81,449713.81,true
OI0001095,ORD000444,PROD0098,SKU00257,1,28.06,28.06,true
OI0001096,ORD000444,PROD0020,SKU00055,1,131.40,131.40,true
OI0001097,ORD000444,PROD0056,SKU00148,1,69.54,69.54,true
OI0001098,ORD000445,PROD0068,SKU00181,1,242.41,242.41,true
OI0001099,ORD000445,PROD0062,SKU00167,1,280.14,280.14,true
OI0001100,ORD000446,PROD0046,SKU00123,1,451.68,451.68,true
OI0001101,ORD000446,PROD0052,SKU00139,1,652.96,652.96,true
OI0001102,ORD000446,PROD0058,SKU00154,1,2057.90,2057.90,true
OI0001103,ORD000446,PROD0010,SKU00024,3,357.98,1073.94,true
OI0001104,ORD000447,PROD0005,SKU00010,3,568240.08,1704720.24,true
OI0001105,ORD000447,PROD0017,SKU00046,1,1341406.94,1341406.94,true
OI0001106,ORD000447,PROD0017,SKU00045,2,1432398.55,2864797.10,true
OI0001107,ORD000448,PROD0038,SKU00103,1,264.70,264.70,true
OI0001108,ORD000449,PROD0009,SKU00020,1,3491.76,3491.76,true
OI0001109,ORD000450,PROD0087,SKU00231,1,694.75,694.75,true
OI0001110,ORD000450,PROD0039,SKU00105,1,2655.76,2655.76,true
OI0001111,ORD000450,PROD0027,SKU00075,1,2626.08,2626.08,true
OI0001112,ORD000450,PROD0009,SKU00019,2,3363.81,6727.62,true
OI0001113,ORD000451,PROD0016,SKU00043,1,1610.66,1610.66,true
OI0001114,ORD000451,PROD0070,SKU00187,1,1882.82,1882.82,true
OI0001115,ORD000452,PROD0095,SKU00250,1,799279.75,799279.75,true
OI0001116,ORD000452,PROD0017,SKU00046,1,1341406.94,1341406.94,true
OI0001117,ORD000452,PROD0035,SKU00092,2,1317389.56,2634779.12,true
OI0001118,ORD000452,PROD0089,SKU00234,1,617829.81,617829.81,true
OI0001119,ORD000453,PROD0067,SKU00180,1,30.93,30.93,true
OI0001120,ORD000453,PROD0025,SKU00068,1,76.26,76.26,true
OI0001121,ORD000453,PROD0025,SKU00069,1,77.36,77.36,true
OI0001122,ORD000454,PROD0008,SKU00018,1,55.98,55.98,true
OI0001123,ORD000454,PROD0080,SKU00211,1,146.92,146.92,true
OI0001124,ORD000455,PROD0057,SKU00153,1,1577.35,1577.35,true
OI0001125,ORD000456,PROD0008,SKU00018,1,55.98,55.98,true
OI0001126,ORD000457,PROD0094,SKU00246,2,1287.71,2575.42,true
OI0001127,ORD000457,PROD0046,SKU00125,1,372.05,372.05,true
OI0001128,ORD000457,PROD0010,SKU00023,2,365.49,730.98,true
OI0001129,ORD000458,PROD0014,SKU00035,1,95.61,95.61,true
OI0001130,ORD000459,PROD0085,SKU00225,1,35.29,35.29,true
OI0001131,ORD000459,PROD0019,SKU00052,1,50.95,50.95,true
OI0001132,ORD000459,PROD0049,SKU00133,3,67.80,203.40,true
OI0001133,ORD000460,PROD0089,SKU00233,1,672068.51,672068.51,true
OI0001134,ORD000460,PROD0071,SKU00188,1,346284.88,346284.88,true
OI0001135,ORD000460,PROD0095,SKU00251,1,836988.65,836988.65,true
OI0001136,ORD000461,PROD0045,SKU00121,3,2919.58,8758.74,true
OI0001137,ORD000461,PROD0093,SKU00244,3,1757.46,5272.38,true
OI0001138,ORD000462,PROD0051,SKU00137,1,3946.66,3946.66,true
OI0001139,ORD000462,PROD0027,SKU00075,1,2626.08,2626.08,true
OI0001140,ORD000462,PROD0057,SKU00152,2,1577.56,3155.12,true
OI0001141,ORD000463,PROD0018,SKU00047,1,632252.44,632252.44,true
OI0001142,ORD000464,PROD0090,SKU00238,1,497890.59,497890.59,true
OI0001143,ORD000464,PROD0018,SKU00048,1,618527.75,618527.75,true
OI0001144,ORD000465,PROD0043,SKU00116,2,10.74,21.48,true
OI0001145,ORD000466,PROD0077,SKU00202,2,990566.46,1981132.92,true
OI0001146,ORD000466,PROD0035,SKU00094,1,1297161.78,1297161.78,true
OI0001147,ORD000466,PROD0047,SKU00126,1,1079253.36,1079253.36,true
OI0001148,ORD000467,PROD0001,SKU00001,1,12.19,12.19,true
OI0001149,ORD000468,PROD0013,SKU00029,1,71.39,71.39,true
OI0001150,ORD000468,PROD0091,SKU00239,2,45.78,91.56,true
OI0001151,ORD000468,PROD0091,SKU00242,2,44.63,89.26,true
OI0001152,ORD000468,PROD0043,SKU00115,1,11.43,11.43,true
OI0001153,ORD000469,PROD0017,SKU00046,1,1341406.94,1341406.94,true
OI0001154,ORD000469,PROD0059,SKU00157,1,1628860.67,1628860.67,true
OI0001155,ORD000469,PROD0011,SKU00025,1,386241.43,386241.43,true
OI0001156,ORD000469,PROD0005,SKU00010,1,568240.08,568240.08,true
OI0001157,ORD000470,PROD0094,SKU00245,2,1063.24,2126.48,true
OI0001158,ORD000471,PROD0035,SKU00092,1,1317389.56,1317389.56,true
OI0001159,ORD000472,PROD0033,SKU00089,1,334.98,334.98,true
OI0001160,ORD000473,PROD0025,SKU00068,1,76.26,76.26,true
OI0001161,ORD000473,PROD0073,SKU00194,1,30.43,30.43,true
OI0001162,ORD000473,PROD0031,SKU00084,1,81.42,81.42,true
OI0001163,ORD000473,PROD0055,SKU00145,1,51.20,51.20,true
OI0001164,ORD000474,PROD0020,SKU00055,1,131.40,131.40,true
OI0001165,ORD000474,PROD0020,SKU00054,2,110.97,221.94,true
OI0001166,ORD000474,PROD0026,SKU00071,1,50.68,50.68,true
OI0001167,ORD000474,PROD0050,SKU00136,2,76.48,152.96,true
OI0001168,ORD000475,PROD0006,SKU00011,1,844228.49,844228.49,true
OI0001169,ORD000475,PROD0048,SKU00129,1,776592.87,776592.87,true
OI0001170,ORD000476,PROD0027,SKU00075,2,2626.08,5252.16,true
OI0001171,ORD000476,PROD0039,SKU00106,1,2835.23,2835.23,true
OI0001172,ORD000477,PROD0014,SKU00035,1,95.61,95.61,true
OI0001173,ORD000478,PROD0006,SKU00013,2,839080.40,1678160.80,true
OI0001174,ORD000478,PROD0060,SKU00161,1,538964.89,538964.89,true
OI0001175,ORD000478,PROD0078,SKU00203,2,186418.93,372837.86,true
OI0001176,ORD000478,PROD0036,SKU00096,1,273703.93,273703.93,true
OI0001177,ORD000479,PROD0002,SKU00003,1,62.78,62.78,true
OI0001178,ORD000480,PROD0063,SKU00168,1,3058.83,3058.83,true
OI0001179,ORD000480,PROD0069,SKU00183,1,1037.37,1037.37,true
OI0001180,ORD000480,PROD0051,SKU00138,3,3473.85,10421.55,true
OI0001181,ORD000480,PROD0057,SKU00152,3,1577.56,4732.68,true
OI0001182,ORD000481,PROD0004,SKU00008,1,1766.13,1766.13,true
OI0001183,ORD000481,PROD0052,SKU00139,1,652.96,652.96,true
OI0001184,ORD000482,PROD0046,SKU00124,1,441.55,441.55,true
OI0001185,ORD000483,PROD0054,SKU00144,1,503033.26,503033.26,true
OI0001186,ORD000483,PROD0060,SKU00160,3,562540.10,1687620.30,true
OI0001187,ORD000483,PROD0060,SKU00159,1,602350.34,602350.34,true
OI0001188,ORD000484,PROD0058,SKU00154,1,2057.90,2057.90,true
OI0001189,ORD000484,PROD0016,SKU00040,1,1633.19,1633.19,true
OI0001190,ORD000484,PROD0004,SKU00008,1,1766.13,1766.13,true
OI0001191,ORD000484,PROD0004,SKU00007,1,1647.91,1647.91,true
OI0001192,ORD000485,PROD0066,SKU00177,1,200447.96,200447.96,true
OI0001193,ORD000485,PROD0036,SKU00097,1,233444.97,233444.97,true
OI0001194,ORD000485,PROD0030,SKU00080,1,385998.04,385998.04,true
OI0001195,ORD000485,PROD0090,SKU00236,1,531221.17,531221.17,true
OI0001196,ORD000486,PROD0093,SKU00244,2,1757.46,3514.92,true
OI0001197,ORD000487,PROD0036,SKU00097,1,233444.97,233444.97,true
OI0001198,ORD000487,PROD0006,SKU00011,1,844228.49,844228.49,true
OI0001199,ORD000487,PROD0036,SKU00096,1,273703.93,273703.93,true
OI0001200,ORD000488,PROD0035,SKU00092,1,1317389.56,1317389.56,true
OI0001201,ORD000488,PROD0053,SKU00140,1,1244412.42,1244412.42,true
OI0001202,ORD000489,PROD0023,SKU00063,1,1504447.05,1504447.05,true
OI0001203,ORD000489,PROD0089,SKU00234,1,617829.81,617829.81,true
OI0001204,ORD000490,PROD0043,SKU00115,1,11.43,11.43,true
OI0001205,ORD000490,PROD0073,SKU00192,1,27.91,27.91,true
OI0001206,ORD000490,PROD0031,SKU00085,1,84.44,84.44,true
OI0001207,ORD000490,PROD0085,SKU00226,2,39.61,79.22,true
OI0001208,ORD000491,PROD0031,SKU00085,1,84.44,84.44,true
OI0001209,ORD000491,PROD0043,SKU00117,1,10.35,10.35,true
OI0001210,ORD000492,PROD0016,SKU00043,1,1610.66,1610.66,true
OI0001211,ORD000492,PROD0010,SKU00022,3,372.09,1116.27,true
OI0001212,ORD000492,PROD0028,SKU00076,1,2571.10,2571.10,true
OI0001213,ORD000493,PROD0035,SKU00093,1,1139879.70,1139879.70,true
OI0001214,ORD000493,PROD0071,SKU00189,1,354036.28,354036.28,true
OI0001215,ORD000493,PROD0083,SKU00220,1,1528645.72,1528645.72,true
OI0001216,ORD000494,PROD0043,SKU00117,1,10.35,10.35,true
OI0001217,ORD000494,PROD0067,SKU00180,1,30.93,30.93,true
OI0001218,ORD000495,PROD0084,SKU00222,1,370952.09,370952.09,true
OI0001219,ORD000495,PROD0030,SKU00080,2,385998.04,771996.08,true
OI0001220,ORD000495,PROD0024,SKU00064,1,514639.39,514639.39,true
OI0001221,ORD000495,PROD0006,SKU00013,1,839080.40,839080.40,true
OI0001222,ORD000496,PROD0099,SKU00259,1,1378.32,1378.32,true
OI0001223,ORD000496,PROD0009,SKU00021,1,3751.63,3751.63,true
OI0001224,ORD000497,PROD0022,SKU00061,1,290.47,290.47,true
OI0001225,ORD000498,PROD0094,SKU00246,1,1287.71,1287.71,true
OI0001226,ORD000499,PROD0095,SKU00249,1,774461.78,774461.78,true
OI0001227,ORD000499,PROD0053,SKU00140,1,1244412.42,1244412.42,true
OI0001228,ORD000499,PROD0005,SKU00010,2,568240.08,1136480.16,true
OI0001229,ORD000500,PROD0080,SKU00208,1,146.03,146.03,true
