order_id,shop_id,buyer_id,site,currency,order_status,payment_status,subtotal,shipping_fee,discount_amount,total_amount,created_at,paid_at,shipped_at,completed_at,cancelled_at,is_mock_data
ORD000001,SHOP001,BUY00155,Singapore,SGD,delivered,paid,153.74,5.11,0.00,158.85,2026-06-06T10:48:00+08:00,2026-06-07T00:48:00+08:00,2026-06-07T21:48:00+08:00,2026-06-14T21:48:00+08:00,,true
ORD000002,SHOP005,BUY00142,Vietnam,VND,completed,paid,2969716.40,236049.75,0.00,3205766.15,2026-05-26T17:17:00+08:00,2026-05-27T10:17:00+08:00,2026-05-29T09:17:00+08:00,2026-06-03T09:17:00+08:00,,true
ORD000003,SHOP001,BUY00162,Singapore,SGD,pending_payment,unpaid,225.38,9.12,33.81,200.69,2026-05-09T16:24:00+08:00,,,,,true
ORD000004,SHOP006,BUY00135,Indonesia,IDR,delivered,paid,3848815.23,150209.31,0.00,3999024.54,2026-04-23T22:47:00+08:00,2026-04-24T20:47:00+08:00,2026-04-26T08:47:00+08:00,2026-04-29T08:47:00+08:00,,true
ORD000005,SHOP001,BUY00110,Singapore,SGD,completed,paid,211.95,14.10,10.60,215.45,2026-01-21T13:57:00+08:00,2026-01-21T17:57:00+08:00,2026-01-23T06:57:00+08:00,2026-01-31T06:57:00+08:00,,true
ORD000006,SHOP005,BUY00020,Vietnam,VND,completed,paid,4079522.14,218540.27,611928.32,3686134.09,2026-05-03T09:34:00+08:00,2026-05-04T03:34:00+08:00,2026-05-04T16:34:00+08:00,2026-05-08T16:34:00+08:00,,true
ORD000007,SHOP006,BUY00292,Indonesia,IDR,shipped,paid,216988.62,10166.00,0.00,227154.62,2026-04-28T02:41:00+08:00,2026-04-29T01:41:00+08:00,2026-04-29T19:41:00+08:00,,,true
ORD000008,SHOP005,BUY00183,Vietnam,VND,completed,paid,5882071.61,430808.12,0.00,6312879.73,2026-04-04T01:12:00+08:00,2026-04-04T02:12:00+08:00,2026-04-04T13:12:00+08:00,2026-04-12T13:12:00+08:00,,true
ORD000009,SHOP004,BUY00001,Thailand,THB,completed,paid,451.68,14.96,0.00,466.64,2026-04-19T02:33:00+08:00,2026-04-19T06:33:00+08:00,2026-04-21T05:33:00+08:00,2026-04-24T05:33:00+08:00,,true
ORD000010,SHOP003,BUY00230,Philippines,PHP,completed,paid,5282.84,273.41,0.00,5556.25,2026-02-02T05:38:00+08:00,2026-02-02T17:38:00+08:00,2026-02-03T18:38:00+08:00,2026-02-05T18:38:00+08:00,,true
ORD000011,SHOP006,BUY00245,Indonesia,IDR,completed,paid,857087.79,64586.10,0.00,921673.89,2026-01-20T07:26:00+08:00,2026-01-20T18:26:00+08:00,2026-01-21T08:26:00+08:00,2026-01-24T08:26:00+08:00,,true
ORD000012,SHOP002,BUY00315,Malaysia,MYR,delivered,paid,413.32,13.25,0.00,426.57,2026-04-30T06:11:00+08:00,2026-04-30T08:11:00+08:00,2026-05-02T04:11:00+08:00,2026-05-10T04:11:00+08:00,,true
ORD000013,SHOP001,BUY00172,Singapore,SGD,paid,paid,67.59,2.43,6.76,63.26,2026-06-18T13:19:00+08:00,2026-06-18T15:19:00+08:00,,,,true
ORD000014,SHOP003,BUY00090,Philippines,PHP,ready_to_ship,paid,9352.92,299.49,467.65,9184.76,2026-04-01T19:23:00+08:00,2026-04-02T11:23:00+08:00,,,,true
ORD000015,SHOP002,BUY00214,Malaysia,MYR,completed,paid,87.55,2.43,0.00,89.98,2026-01-29T02:53:00+08:00,2026-01-29T06:53:00+08:00,2026-01-29T23:53:00+08:00,2026-02-06T23:53:00+08:00,,true
ORD000016,SHOP006,BUY00083,Indonesia,IDR,completed,paid,2287374.23,161331.86,0.00,2448706.09,2026-01-31T05:41:00+08:00,2026-01-31T19:41:00+08:00,2026-02-01T18:41:00+08:00,2026-02-06T18:41:00+08:00,,true
ORD000017,SHOP004,BUY00131,Thailand,THB,ready_to_ship,paid,2281.04,137.60,114.05,2304.59,2026-05-15T06:25:00+08:00,2026-05-15T12:25:00+08:00,,,,true
ORD000018,SHOP006,BUY00266,Indonesia,IDR,paid,paid,1321501.46,51507.50,66075.07,1306933.89,2026-05-12T16:06:00+08:00,2026-05-13T00:06:00+08:00,,,,true
ORD000019,SHOP002,BUY00290,Malaysia,MYR,delivered,paid,915.04,65.83,45.75,935.12,2026-04-11T19:46:00+08:00,2026-04-12T15:46:00+08:00,2026-04-14T08:46:00+08:00,2026-04-19T08:46:00+08:00,,true
ORD000020,SHOP006,BUY00051,Indonesia,IDR,completed,paid,1553185.74,48947.02,0.00,1602132.76,2026-05-29T05:01:00+08:00,2026-05-29T14:01:00+08:00,2026-05-30T00:01:00+08:00,2026-06-03T00:01:00+08:00,,true
ORD000021,SHOP003,BUY00130,Philippines,PHP,shipped,paid,2272.31,145.55,0.00,2417.86,2026-04-18T20:04:00+08:00,2026-04-19T06:04:00+08:00,2026-04-20T04:04:00+08:00,,,true
ORD000022,SHOP001,BUY00173,Singapore,SGD,refund_requested,paid,459.07,25.19,68.86,415.40,2026-02-05T10:44:00+08:00,2026-02-06T01:44:00+08:00,2026-02-06T21:44:00+08:00,2026-02-13T21:44:00+08:00,,true
ORD000023,SHOP005,BUY00059,Vietnam,VND,cancelled,unpaid,4113243.36,216979.71,205662.17,4124560.90,2026-04-20T05:14:00+08:00,,,,2026-04-21T02:14:00+08:00,true
ORD000024,SHOP004,BUY00226,Thailand,THB,shipped,paid,3610.01,135.46,0.00,3745.47,2026-03-31T13:37:00+08:00,2026-03-31T15:37:00+08:00,2026-04-02T03:37:00+08:00,,,true
ORD000025,SHOP005,BUY00130,Vietnam,VND,paid,paid,3062082.81,188230.54,0.00,3250313.35,2026-05-26T20:53:00+08:00,2026-05-27T08:53:00+08:00,,,,true
ORD000026,SHOP004,BUY00170,Thailand,THB,completed,paid,2580.41,131.32,0.00,2711.73,2026-02-02T16:39:00+08:00,2026-02-02T23:39:00+08:00,2026-02-04T14:39:00+08:00,2026-02-12T14:39:00+08:00,,true
ORD000027,SHOP005,BUY00085,Vietnam,VND,refund_requested,paid,2304814.58,144085.61,0.00,2448900.19,2026-05-07T07:39:00+08:00,2026-05-07T23:39:00+08:00,2026-05-09T10:39:00+08:00,2026-05-13T10:39:00+08:00,,true
ORD000028,SHOP006,BUY00152,Indonesia,IDR,refunded,refunded,476842.39,26412.21,0.00,503254.60,2026-06-13T01:13:00+08:00,2026-06-13T21:13:00+08:00,2026-06-14T20:13:00+08:00,2026-06-17T20:13:00+08:00,,true
ORD000029,SHOP002,BUY00194,Malaysia,MYR,delivered,paid,69.54,4.60,0.00,74.14,2026-05-11T22:05:00+08:00,2026-05-12T14:05:00+08:00,2026-05-13T21:05:00+08:00,2026-05-19T21:05:00+08:00,,true
ORD000030,SHOP001,BUY00116,Singapore,SGD,shipped,paid,256.84,20.31,0.00,277.15,2026-05-27T23:03:00+08:00,2026-05-28T11:03:00+08:00,2026-05-30T02:03:00+08:00,,,true
ORD000031,SHOP001,BUY00312,Singapore,SGD,completed,paid,114.28,6.48,0.00,120.76,2026-05-14T20:47:00+08:00,2026-05-15T12:47:00+08:00,2026-05-17T12:47:00+08:00,2026-05-19T12:47:00+08:00,,true
ORD000032,SHOP006,BUY00222,Indonesia,IDR,pending_payment,unpaid,935541.74,69409.65,0.00,1004951.39,2026-06-11T21:31:00+08:00,,,,,true
ORD000033,SHOP006,BUY00153,Indonesia,IDR,shipped,paid,2128239.06,133434.66,0.00,2261673.72,2026-03-28T01:46:00+08:00,2026-03-28T05:46:00+08:00,2026-03-30T04:46:00+08:00,,,true
ORD000034,SHOP003,BUY00228,Philippines,PHP,refund_requested,paid,10688.49,497.68,0.00,11186.17,2026-06-04T13:48:00+08:00,2026-06-05T10:48:00+08:00,2026-06-05T20:48:00+08:00,2026-06-09T20:48:00+08:00,,true
ORD000035,SHOP004,BUY00193,Thailand,THB,ready_to_ship,paid,4665.44,173.40,466.54,4372.30,2026-04-20T04:43:00+08:00,2026-04-21T03:43:00+08:00,,,,true
ORD000036,SHOP003,BUY00047,Philippines,PHP,refund_requested,paid,8189.50,353.51,409.48,8133.53,2026-05-06T15:33:00+08:00,2026-05-07T09:33:00+08:00,2026-05-08T18:33:00+08:00,2026-05-13T18:33:00+08:00,,true
ORD000037,SHOP003,BUY00251,Philippines,PHP,completed,paid,6135.88,205.90,306.79,6034.99,2026-06-17T08:36:00+08:00,2026-06-18T00:36:00+08:00,2026-06-19T21:36:00+08:00,2026-06-24T21:36:00+08:00,,true
ORD000038,SHOP001,BUY00071,Singapore,SGD,completed,paid,315.08,8.56,0.00,323.64,2026-03-21T16:58:00+08:00,2026-03-22T02:58:00+08:00,2026-03-22T20:58:00+08:00,2026-03-30T20:58:00+08:00,,true
ORD000039,SHOP006,BUY00221,Indonesia,IDR,delivered,paid,273703.93,20414.64,0.00,294118.57,2026-05-31T03:43:00+08:00,2026-05-31T10:43:00+08:00,2026-06-02T07:43:00+08:00,2026-06-08T07:43:00+08:00,,true
ORD000040,SHOP001,BUY00029,Singapore,SGD,completed,paid,356.88,24.42,0.00,381.30,2026-02-21T12:57:00+08:00,2026-02-22T10:57:00+08:00,2026-02-23T17:57:00+08:00,2026-02-26T17:57:00+08:00,,true
ORD000041,SHOP003,BUY00156,Philippines,PHP,cancelled,unpaid,8382.26,468.82,0.00,8851.08,2026-03-18T10:57:00+08:00,,,,2026-03-18T15:57:00+08:00,true
ORD000042,SHOP001,BUY00254,Singapore,SGD,cancelled,unpaid,12.19,0.65,0.00,12.84,2026-02-20T09:37:00+08:00,,,,2026-02-21T00:37:00+08:00,true
ORD000043,SHOP001,BUY00282,Singapore,SGD,completed,paid,192.79,11.94,0.00,204.73,2026-05-09T22:19:00+08:00,2026-05-10T07:19:00+08:00,2026-05-11T17:19:00+08:00,2026-05-15T17:19:00+08:00,,true
ORD000044,SHOP005,BUY00034,Vietnam,VND,shipped,paid,2999191.86,125153.55,149959.59,2974385.82,2026-05-20T10:37:00+08:00,2026-05-21T03:37:00+08:00,2026-05-21T17:37:00+08:00,,,true
ORD000045,SHOP001,BUY00126,Singapore,SGD,completed,paid,290.89,23.18,14.54,299.53,2026-05-26T23:31:00+08:00,2026-05-27T23:31:00+08:00,2026-05-29T12:31:00+08:00,2026-06-03T12:31:00+08:00,,true
ORD000046,SHOP003,BUY00303,Philippines,PHP,delivered,paid,6860.71,512.18,343.04,7029.85,2026-04-20T14:08:00+08:00,2026-04-21T12:08:00+08:00,2026-04-22T14:08:00+08:00,2026-04-27T14:08:00+08:00,,true
ORD000047,SHOP004,BUY00227,Thailand,THB,delivered,paid,8520.50,306.81,426.03,8401.28,2026-04-10T06:22:00+08:00,2026-04-11T00:22:00+08:00,2026-04-11T23:22:00+08:00,2026-04-13T23:22:00+08:00,,true
ORD000048,SHOP003,BUY00296,Philippines,PHP,completed,paid,3451.39,142.42,0.00,3593.81,2026-04-10T23:51:00+08:00,2026-04-11T17:51:00+08:00,2026-04-13T08:51:00+08:00,2026-04-18T08:51:00+08:00,,true
ORD000049,SHOP003,BUY00252,Philippines,PHP,completed,paid,3067.94,194.59,0.00,3262.53,2026-01-22T09:39:00+08:00,2026-01-22T15:39:00+08:00,2026-01-23T00:39:00+08:00,2026-01-31T00:39:00+08:00,,true
ORD000050,SHOP004,BUY00285,Thailand,THB,shipped,paid,2683.82,150.58,0.00,2834.40,2026-06-10T22:27:00+08:00,2026-06-11T07:27:00+08:00,2026-06-12T06:27:00+08:00,,,true
ORD000051,SHOP002,BUY00262,Malaysia,MYR,pending_payment,unpaid,136.98,10.03,13.70,133.31,2026-01-29T22:13:00+08:00,,,,,true
ORD000052,SHOP005,BUY00270,Vietnam,VND,completed,paid,4513341.15,143574.92,0.00,4656916.07,2026-02-07T22:21:00+08:00,2026-02-08T10:21:00+08:00,2026-02-09T20:21:00+08:00,2026-02-15T20:21:00+08:00,,true
ORD000053,SHOP005,BUY00261,Vietnam,VND,paid,paid,1139879.70,45213.16,56993.99,1128098.87,2026-03-25T20:03:00+08:00,2026-03-26T01:03:00+08:00,,,,true
ORD000054,SHOP006,BUY00039,Indonesia,IDR,completed,paid,200447.96,8372.74,0.00,208820.70,2026-05-03T01:29:00+08:00,2026-05-03T15:29:00+08:00,2026-05-04T09:29:00+08:00,2026-05-08T09:29:00+08:00,,true
ORD000055,SHOP004,BUY00195,Thailand,THB,delivered,paid,4067.85,317.27,0.00,4385.12,2026-01-31T22:37:00+08:00,2026-02-01T10:37:00+08:00,2026-02-03T00:37:00+08:00,2026-02-07T00:37:00+08:00,,true
ORD000056,SHOP001,BUY00039,Singapore,SGD,shipped,paid,285.27,20.97,0.00,306.24,2026-05-23T18:37:00+08:00,2026-05-23T20:37:00+08:00,2026-05-24T16:37:00+08:00,,,true
ORD000057,SHOP006,BUY00154,Indonesia,IDR,paid,paid,1811370.75,80520.70,0.00,1891891.45,2026-01-08T07:53:00+08:00,2026-01-08T18:53:00+08:00,,,,true
ORD000058,SHOP001,BUY00318,Singapore,SGD,ready_to_ship,paid,90.12,2.48,0.00,92.60,2026-05-17T13:30:00+08:00,2026-05-17T15:30:00+08:00,,,,true
ORD000059,SHOP004,BUY00182,Thailand,THB,completed,paid,2285.46,60.82,0.00,2346.28,2026-01-20T11:14:00+08:00,2026-01-21T05:14:00+08:00,2026-01-21T15:14:00+08:00,2026-01-24T15:14:00+08:00,,true
ORD000060,SHOP005,BUY00235,Vietnam,VND,ready_to_ship,paid,836988.65,48117.36,0.00,885106.01,2026-02-15T00:40:00+08:00,2026-02-15T22:40:00+08:00,,,,true
ORD000061,SHOP004,BUY00101,Thailand,THB,completed,paid,372.09,23.41,37.21,358.29,2026-04-26T19:48:00+08:00,2026-04-27T07:48:00+08:00,2026-04-28T10:48:00+08:00,2026-04-30T10:48:00+08:00,,true
ORD000062,SHOP004,BUY00148,Thailand,THB,completed,paid,3112.92,191.91,311.29,2993.54,2026-05-02T16:48:00+08:00,2026-05-03T02:48:00+08:00,2026-05-04T05:48:00+08:00,2026-05-07T05:48:00+08:00,,true
ORD000063,SHOP003,BUY00318,Philippines,PHP,completed,paid,4754.03,311.08,475.40,4589.71,2026-04-08T08:52:00+08:00,2026-04-08T19:52:00+08:00,2026-04-10T12:52:00+08:00,2026-04-15T12:52:00+08:00,,true
ORD000064,SHOP004,BUY00197,Thailand,THB,completed,paid,2899.04,101.82,144.95,2855.91,2026-02-11T22:08:00+08:00,2026-02-12T11:08:00+08:00,2026-02-13T15:08:00+08:00,2026-02-18T15:08:00+08:00,,true
ORD000065,SHOP006,BUY00196,Indonesia,IDR,paid,paid,1930509.05,125833.03,193050.91,1863291.17,2026-04-28T04:06:00+08:00,2026-04-28T19:06:00+08:00,,,,true
ORD000066,SHOP002,BUY00045,Malaysia,MYR,completed,paid,626.26,28.39,31.31,623.34,2026-03-09T14:48:00+08:00,2026-03-10T00:48:00+08:00,2026-03-11T04:48:00+08:00,2026-03-18T04:48:00+08:00,,true
ORD000067,SHOP006,BUY00110,Indonesia,IDR,refunded,refunded,1692163.32,112093.88,0.00,1804257.20,2026-01-12T04:00:00+08:00,2026-01-13T03:00:00+08:00,2026-01-14T07:00:00+08:00,2026-01-22T07:00:00+08:00,,true
ORD000068,SHOP003,BUY00031,Philippines,PHP,completed,paid,4533.37,97.66,226.67,4404.36,2026-05-31T02:20:00+08:00,2026-05-31T08:20:00+08:00,2026-05-31T16:20:00+08:00,2026-06-08T16:20:00+08:00,,true
ORD000069,SHOP006,BUY00228,Indonesia,IDR,shipped,paid,844228.49,20065.84,42211.42,822082.91,2026-05-03T13:04:00+08:00,2026-05-03T19:04:00+08:00,2026-05-04T07:04:00+08:00,,,true
ORD000070,SHOP005,BUY00167,Vietnam,VND,ready_to_ship,paid,1244412.42,26006.27,62220.62,1208198.07,2026-06-26T09:43:00+08:00,2026-06-26T19:43:00+08:00,,,,true
ORD000071,SHOP004,BUY00075,Thailand,THB,delivered,paid,2602.58,202.79,130.13,2675.24,2026-03-06T20:21:00+08:00,2026-03-07T00:21:00+08:00,2026-03-08T02:21:00+08:00,2026-03-15T02:21:00+08:00,,true
ORD000072,SHOP005,BUY00070,Vietnam,VND,completed,paid,3552203.76,222747.38,0.00,3774951.14,2026-03-31T04:20:00+08:00,2026-03-31T16:20:00+08:00,2026-04-01T07:20:00+08:00,2026-04-06T07:20:00+08:00,,true
ORD000073,SHOP004,BUY00240,Thailand,THB,completed,paid,3792.05,185.28,379.21,3598.12,2026-02-21T16:01:00+08:00,2026-02-22T09:01:00+08:00,2026-02-23T08:01:00+08:00,2026-02-25T08:01:00+08:00,,true
ORD000074,SHOP005,BUY00017,Vietnam,VND,completed,paid,4717879.19,102852.85,235893.96,4584838.08,2026-03-14T02:04:00+08:00,2026-03-14T17:04:00+08:00,2026-03-15T07:04:00+08:00,2026-03-18T07:04:00+08:00,,true
ORD000075,SHOP001,BUY00020,Singapore,SGD,delivered,paid,232.85,5.30,23.29,214.86,2026-01-16T03:07:00+08:00,2026-01-17T02:07:00+08:00,2026-01-18T02:07:00+08:00,2026-01-23T02:07:00+08:00,,true
ORD000076,SHOP004,BUY00025,Thailand,THB,shipped,paid,5182.46,248.55,0.00,5431.01,2026-03-29T13:34:00+08:00,2026-03-30T04:34:00+08:00,2026-03-30T20:34:00+08:00,,,true
ORD000077,SHOP005,BUY00039,Vietnam,VND,refund_requested,paid,3083679.13,230796.40,154183.96,3160291.57,2026-03-21T23:39:00+08:00,2026-03-22T08:39:00+08:00,2026-03-22T22:39:00+08:00,2026-03-30T22:39:00+08:00,,true
ORD000078,SHOP001,BUY00264,Singapore,SGD,delivered,paid,71.39,4.60,0.00,75.99,2026-02-25T18:47:00+08:00,2026-02-26T12:47:00+08:00,2026-02-26T20:47:00+08:00,2026-03-01T20:47:00+08:00,,true
ORD000079,SHOP003,BUY00121,Philippines,PHP,shipped,paid,1740.86,88.46,261.13,1568.19,2026-06-17T02:08:00+08:00,2026-06-17T03:08:00+08:00,2026-06-17T12:08:00+08:00,,,true
ORD000080,SHOP004,BUY00284,Thailand,THB,pending_payment,unpaid,2783.83,220.97,278.38,2726.42,2026-02-20T18:42:00+08:00,,,,,true
ORD000081,SHOP004,BUY00223,Thailand,THB,pending_payment,unpaid,5249.32,160.33,262.47,5147.18,2026-06-04T22:23:00+08:00,,,,,true
ORD000082,SHOP002,BUY00209,Malaysia,MYR,completed,paid,1168.60,73.14,0.00,1241.74,2026-03-19T10:56:00+08:00,2026-03-19T21:56:00+08:00,2026-03-20T13:56:00+08:00,2026-03-23T13:56:00+08:00,,true
ORD000083,SHOP002,BUY00292,Malaysia,MYR,refunded,refunded,964.26,25.27,0.00,989.53,2026-03-09T04:34:00+08:00,2026-03-09T23:34:00+08:00,2026-03-11T19:34:00+08:00,2026-03-14T19:34:00+08:00,,true
ORD000084,SHOP005,BUY00087,Vietnam,VND,completed,paid,1392291.59,109355.92,139229.16,1362418.35,2026-04-01T16:05:00+08:00,2026-04-01T22:05:00+08:00,2026-04-03T01:05:00+08:00,2026-04-06T01:05:00+08:00,,true
ORD000085,SHOP002,BUY00251,Malaysia,MYR,completed,paid,833.06,66.20,0.00,899.26,2026-06-27T08:14:00+08:00,2026-06-27T12:14:00+08:00,2026-06-28T21:14:00+08:00,2026-07-05T21:14:00+08:00,,true
ORD000086,SHOP004,BUY00218,Thailand,THB,completed,paid,1610.66,75.37,0.00,1686.03,2026-06-19T02:15:00+08:00,2026-06-19T09:15:00+08:00,2026-06-20T21:15:00+08:00,2026-06-25T21:15:00+08:00,,true
ORD000087,SHOP001,BUY00120,Singapore,SGD,shipped,paid,158.41,6.08,7.92,156.57,2026-06-03T14:33:00+08:00,2026-06-03T19:33:00+08:00,2026-06-04T03:33:00+08:00,,,true
ORD000088,SHOP005,BUY00120,Vietnam,VND,ready_to_ship,paid,2016205.53,72188.31,0.00,2088393.84,2026-03-08T04:06:00+08:00,2026-03-08T12:06:00+08:00,,,,true
ORD000089,SHOP004,BUY00105,Thailand,THB,delivered,paid,5538.73,161.06,276.94,5422.85,2026-03-18T20:08:00+08:00,2026-03-19T11:08:00+08:00,2026-03-19T20:08:00+08:00,2026-03-21T20:08:00+08:00,,true
ORD000090,SHOP006,BUY00251,Indonesia,IDR,completed,paid,2819441.31,204257.53,0.00,3023698.84,2026-01-09T19:56:00+08:00,2026-01-09T20:56:00+08:00,2026-01-11T01:56:00+08:00,2026-01-15T01:56:00+08:00,,true
ORD000091,SHOP001,BUY00079,Singapore,SGD,paid,paid,206.01,16.45,0.00,222.46,2026-01-17T07:24:00+08:00,2026-01-17T10:24:00+08:00,,,,true
ORD000092,SHOP006,BUY00203,Indonesia,IDR,completed,paid,5486983.30,387103.04,548698.33,5325388.01,2026-06-03T00:30:00+08:00,2026-06-03T01:30:00+08:00,2026-06-04T20:30:00+08:00,2026-06-11T20:30:00+08:00,,true
ORD000093,SHOP001,BUY00183,Singapore,SGD,completed,paid,286.58,12.74,42.99,256.33,2026-01-17T21:14:00+08:00,2026-01-18T00:14:00+08:00,2026-01-19T09:14:00+08:00,2026-01-26T09:14:00+08:00,,true
ORD000094,SHOP002,BUY00160,Malaysia,MYR,delivered,paid,491.27,13.76,0.00,505.03,2026-04-26T01:21:00+08:00,2026-04-26T15:21:00+08:00,2026-04-27T11:21:00+08:00,2026-05-04T11:21:00+08:00,,true
ORD000095,SHOP002,BUY00254,Malaysia,MYR,paid,paid,152.77,7.67,15.28,145.16,2026-06-11T04:07:00+08:00,2026-06-11T21:07:00+08:00,,,,true
ORD000096,SHOP003,BUY00138,Philippines,PHP,completed,paid,3940.04,227.45,0.00,4167.49,2026-03-11T15:31:00+08:00,2026-03-12T12:31:00+08:00,2026-03-13T11:31:00+08:00,2026-03-21T11:31:00+08:00,,true
ORD000097,SHOP001,BUY00155,Singapore,SGD,completed,paid,282.63,17.14,14.13,285.64,2026-05-25T15:20:00+08:00,2026-05-26T08:20:00+08:00,2026-05-27T04:20:00+08:00,2026-06-04T04:20:00+08:00,,true
ORD000098,SHOP002,BUY00059,Malaysia,MYR,completed,paid,221.94,10.90,11.10,221.74,2026-01-18T07:29:00+08:00,2026-01-18T12:29:00+08:00,2026-01-20T11:29:00+08:00,2026-01-27T11:29:00+08:00,,true
ORD000099,SHOP006,BUY00085,Indonesia,IDR,completed,paid,1354121.28,65592.40,67706.06,1352007.62,2026-04-08T09:22:00+08:00,2026-04-08T11:22:00+08:00,2026-04-10T03:22:00+08:00,2026-04-17T03:22:00+08:00,,true
ORD000100,SHOP004,BUY00144,Thailand,THB,shipped,paid,3077.34,180.91,0.00,3258.25,2026-05-15T05:21:00+08:00,2026-05-15T21:21:00+08:00,2026-05-17T04:21:00+08:00,,,true
ORD000101,SHOP004,BUY00031,Thailand,THB,completed,paid,4408.48,320.03,220.42,4508.09,2026-04-19T05:29:00+08:00,2026-04-19T13:29:00+08:00,2026-04-19T21:29:00+08:00,2026-04-22T21:29:00+08:00,,true
ORD000102,SHOP005,BUY00135,Vietnam,VND,delivered,paid,6897511.94,386562.63,0.00,7284074.57,2026-05-09T13:21:00+08:00,2026-05-10T08:21:00+08:00,2026-05-11T11:21:00+08:00,2026-05-14T11:21:00+08:00,,true
ORD000103,SHOP005,BUY00288,Vietnam,VND,delivered,paid,5370328.41,130728.01,0.00,5501056.42,2026-02-19T16:01:00+08:00,2026-02-20T04:01:00+08:00,2026-02-20T21:01:00+08:00,2026-02-27T21:01:00+08:00,,true
ORD000104,SHOP002,BUY00063,Malaysia,MYR,delivered,paid,120.30,4.81,0.00,125.11,2026-02-06T16:15:00+08:00,2026-02-07T15:15:00+08:00,2026-02-09T10:15:00+08:00,2026-02-17T10:15:00+08:00,,true
ORD000105,SHOP002,BUY00111,Malaysia,MYR,delivered,paid,109.14,6.69,10.91,104.92,2026-05-04T00:54:00+08:00,2026-05-04T07:54:00+08:00,2026-05-05T14:54:00+08:00,2026-05-11T14:54:00+08:00,,true
ORD000106,SHOP003,BUY00104,Philippines,PHP,refunded,refunded,5690.59,371.44,0.00,6062.03,2026-04-06T18:33:00+08:00,2026-04-06T21:33:00+08:00,2026-04-07T15:33:00+08:00,2026-04-13T15:33:00+08:00,,true
ORD000107,SHOP004,BUY00248,Thailand,THB,delivered,paid,4269.58,270.72,213.48,4326.82,2026-01-19T05:31:00+08:00,2026-01-20T04:31:00+08:00,2026-01-20T18:31:00+08:00,2026-01-25T18:31:00+08:00,,true
ORD000108,SHOP004,BUY00194,Thailand,THB,cancelled,unpaid,1061.30,59.94,0.00,1121.24,2026-05-23T01:18:00+08:00,,,,2026-05-23T09:18:00+08:00,true
ORD000109,SHOP005,BUY00022,Vietnam,VND,shipped,paid,4377799.18,264813.46,437779.92,4204832.72,2026-06-27T01:05:00+08:00,2026-06-27T16:05:00+08:00,2026-06-28T22:05:00+08:00,,,true
ORD000110,SHOP001,BUY00206,Singapore,SGD,paid,paid,163.61,9.25,24.54,148.32,2026-06-27T20:05:00+08:00,2026-06-28T19:05:00+08:00,,,,true
ORD000111,SHOP002,BUY00040,Malaysia,MYR,shipped,paid,192.63,11.55,0.00,204.18,2026-02-02T16:07:00+08:00,2026-02-03T06:07:00+08:00,2026-02-03T18:07:00+08:00,,,true
ORD000112,SHOP004,BUY00038,Thailand,THB,completed,paid,1735.31,88.25,0.00,1823.56,2026-04-12T21:33:00+08:00,2026-04-12T23:33:00+08:00,2026-04-13T14:33:00+08:00,2026-04-19T14:33:00+08:00,,true
ORD000113,SHOP002,BUY00176,Malaysia,MYR,refunded,refunded,492.88,11.73,0.00,504.61,2026-03-29T03:44:00+08:00,2026-03-29T11:44:00+08:00,2026-03-30T12:44:00+08:00,2026-04-04T12:44:00+08:00,,true
ORD000114,SHOP003,BUY00299,Philippines,PHP,completed,paid,22320.02,1061.94,0.00,23381.96,2026-04-04T15:17:00+08:00,2026-04-04T16:17:00+08:00,2026-04-05T22:17:00+08:00,2026-04-09T22:17:00+08:00,,true
ORD000115,SHOP001,BUY00074,Singapore,SGD,shipped,paid,384.23,12.28,57.63,338.88,2026-04-26T14:38:00+08:00,2026-04-27T11:38:00+08:00,2026-04-28T18:38:00+08:00,,,true
ORD000116,SHOP006,BUY00032,Indonesia,IDR,completed,paid,200149.40,10131.27,0.00,210280.67,2026-05-06T08:24:00+08:00,2026-05-06T10:24:00+08:00,2026-05-07T20:24:00+08:00,2026-05-09T20:24:00+08:00,,true
ORD000117,SHOP006,BUY00045,Indonesia,IDR,paid,paid,3014437.61,200569.66,301443.76,2913563.51,2026-02-21T13:37:00+08:00,2026-02-22T05:37:00+08:00,,,,true
ORD000118,SHOP003,BUY00070,Philippines,PHP,completed,paid,10340.85,618.79,517.04,10442.60,2026-02-23T14:02:00+08:00,2026-02-24T09:02:00+08:00,2026-02-24T19:02:00+08:00,2026-02-26T19:02:00+08:00,,true
ORD000119,SHOP006,BUY00100,Indonesia,IDR,completed,paid,1225154.90,65858.68,0.00,1291013.58,2026-05-25T11:03:00+08:00,2026-05-26T05:03:00+08:00,2026-05-27T21:03:00+08:00,2026-06-04T21:03:00+08:00,,true
ORD000120,SHOP001,BUY00267,Singapore,SGD,paid,paid,88.67,5.36,8.87,85.16,2026-03-15T10:39:00+08:00,2026-03-15T16:39:00+08:00,,,,true
ORD000121,SHOP006,BUY00026,Indonesia,IDR,ready_to_ship,paid,776592.87,30944.96,38829.64,768708.19,2026-05-09T22:39:00+08:00,2026-05-10T06:39:00+08:00,,,,true
ORD000122,SHOP004,BUY00142,Thailand,THB,completed,paid,2178.74,119.26,0.00,2298.00,2026-03-11T00:19:00+08:00,2026-03-11T11:19:00+08:00,2026-03-12T09:19:00+08:00,2026-03-14T09:19:00+08:00,,true
ORD000123,SHOP006,BUY00085,Indonesia,IDR,shipped,paid,1768851.72,113312.37,0.00,1882164.09,2026-05-19T01:49:00+08:00,2026-05-19T09:49:00+08:00,2026-05-19T21:49:00+08:00,,,true
ORD000124,SHOP001,BUY00110,Singapore,SGD,shipped,paid,136.25,7.40,20.44,123.21,2026-02-10T10:58:00+08:00,2026-02-10T11:58:00+08:00,2026-02-11T08:58:00+08:00,,,true
ORD000125,SHOP002,BUY00096,Malaysia,MYR,completed,paid,175.45,4.52,8.77,171.20,2026-06-06T07:59:00+08:00,2026-06-06T16:59:00+08:00,2026-06-07T04:59:00+08:00,2026-06-09T04:59:00+08:00,,true
ORD000126,SHOP001,BUY00243,Singapore,SGD,completed,paid,116.38,2.65,5.82,113.21,2026-02-03T03:59:00+08:00,2026-02-03T12:59:00+08:00,2026-02-04T23:59:00+08:00,2026-02-08T23:59:00+08:00,,true
ORD000127,SHOP002,BUY00182,Malaysia,MYR,cancelled,unpaid,76.68,3.77,0.00,80.45,2026-03-01T09:38:00+08:00,,,,2026-03-02T17:38:00+08:00,true
ORD000128,SHOP003,BUY00010,Philippines,PHP,completed,paid,12591.35,323.50,629.57,12285.28,2026-01-24T11:51:00+08:00,2026-01-24T16:51:00+08:00,2026-01-25T02:51:00+08:00,2026-01-27T02:51:00+08:00,,true
ORD000129,SHOP003,BUY00173,Philippines,PHP,completed,paid,3924.81,212.17,0.00,4136.98,2026-05-09T02:15:00+08:00,2026-05-09T19:15:00+08:00,2026-05-10T17:15:00+08:00,2026-05-18T17:15:00+08:00,,true
ORD000130,SHOP004,BUY00279,Thailand,THB,delivered,paid,5430.51,373.66,543.05,5261.12,2026-06-03T06:35:00+08:00,2026-06-03T19:35:00+08:00,2026-06-05T13:35:00+08:00,2026-06-11T13:35:00+08:00,,true
ORD000131,SHOP004,BUY00155,Thailand,THB,shipped,paid,2093.29,93.65,0.00,2186.94,2026-06-08T01:48:00+08:00,2026-06-09T00:48:00+08:00,2026-06-10T17:48:00+08:00,,,true
ORD000132,SHOP003,BUY00262,Philippines,PHP,refunded,refunded,2198.83,120.11,0.00,2318.94,2026-01-23T04:27:00+08:00,2026-01-24T01:27:00+08:00,2026-01-25T01:27:00+08:00,2026-01-31T01:27:00+08:00,,true
ORD000133,SHOP004,BUY00132,Thailand,THB,completed,paid,5386.66,148.46,0.00,5535.12,2026-04-10T18:26:00+08:00,2026-04-10T21:26:00+08:00,2026-04-12T01:26:00+08:00,2026-04-15T01:26:00+08:00,,true
ORD000134,SHOP001,BUY00317,Singapore,SGD,delivered,paid,72.45,4.30,3.62,73.13,2026-05-18T04:11:00+08:00,2026-05-19T02:11:00+08:00,2026-05-19T21:11:00+08:00,2026-05-21T21:11:00+08:00,,true
ORD000135,SHOP002,BUY00225,Malaysia,MYR,delivered,paid,720.60,43.54,108.09,656.05,2026-05-04T05:29:00+08:00,2026-05-04T06:29:00+08:00,2026-05-04T14:29:00+08:00,2026-05-11T14:29:00+08:00,,true
ORD000136,SHOP001,BUY00174,Singapore,SGD,completed,paid,93.93,3.78,0.00,97.71,2026-03-14T18:35:00+08:00,2026-03-15T07:35:00+08:00,2026-03-16T21:35:00+08:00,2026-03-21T21:35:00+08:00,,true
ORD000137,SHOP003,BUY00107,Philippines,PHP,delivered,paid,8475.79,667.69,0.00,9143.48,2026-03-08T17:11:00+08:00,2026-03-09T16:11:00+08:00,2026-03-10T12:11:00+08:00,2026-03-16T12:11:00+08:00,,true
ORD000138,SHOP006,BUY00187,Indonesia,IDR,completed,paid,186418.93,13137.41,0.00,199556.34,2026-05-29T04:31:00+08:00,2026-05-30T00:31:00+08:00,2026-05-30T12:31:00+08:00,2026-06-01T12:31:00+08:00,,true
ORD000139,SHOP005,BUY00069,Vietnam,VND,paid,paid,3362917.45,127498.70,0.00,3490416.15,2026-03-12T11:24:00+08:00,2026-03-12T13:24:00+08:00,,,,true
ORD000140,SHOP006,BUY00030,Indonesia,IDR,completed,paid,2350234.88,48766.39,0.00,2399001.27,2026-01-26T10:13:00+08:00,2026-01-26T16:13:00+08:00,2026-01-27T07:13:00+08:00,2026-02-03T07:13:00+08:00,,true
ORD000141,SHOP001,BUY00177,Singapore,SGD,completed,paid,152.85,8.86,0.00,161.71,2026-01-10T10:42:00+08:00,2026-01-11T09:42:00+08:00,2026-01-12T16:42:00+08:00,2026-01-19T16:42:00+08:00,,true
ORD000142,SHOP001,BUY00184,Singapore,SGD,shipped,paid,212.54,15.50,0.00,228.04,2026-03-15T00:18:00+08:00,2026-03-15T15:18:00+08:00,2026-03-17T13:18:00+08:00,,,true
ORD000143,SHOP004,BUY00099,Thailand,THB,ready_to_ship,paid,1511.03,62.45,151.10,1422.38,2026-04-19T02:32:00+08:00,2026-04-19T17:32:00+08:00,,,,true
ORD000144,SHOP002,BUY00077,Malaysia,MYR,paid,paid,348.04,25.01,0.00,373.05,2026-03-30T04:32:00+08:00,2026-03-30T09:32:00+08:00,,,,true
ORD000145,SHOP006,BUY00317,Indonesia,IDR,shipped,paid,2636464.74,153855.91,0.00,2790320.65,2026-05-31T08:47:00+08:00,2026-06-01T00:47:00+08:00,2026-06-01T18:47:00+08:00,,,true
ORD000146,SHOP001,BUY00043,Singapore,SGD,refund_requested,paid,307.10,8.99,15.36,300.73,2026-02-10T17:21:00+08:00,2026-02-10T20:21:00+08:00,2026-02-12T14:21:00+08:00,2026-02-20T14:21:00+08:00,,true
ORD000147,SHOP003,BUY00232,Philippines,PHP,cancelled,unpaid,3405.81,133.09,340.58,3198.32,2026-06-21T13:01:00+08:00,,,,2026-06-22T07:01:00+08:00,true
ORD000148,SHOP002,BUY00269,Malaysia,MYR,completed,paid,241.11,12.67,0.00,253.78,2026-03-02T00:40:00+08:00,2026-03-02T20:40:00+08:00,2026-03-03T09:40:00+08:00,2026-03-05T09:40:00+08:00,,true
ORD000149,SHOP003,BUY00010,Philippines,PHP,cancelled,refunded,669.96,36.45,0.00,706.41,2026-05-18T14:11:00+08:00,,,,2026-05-18T20:11:00+08:00,true
ORD000150,SHOP003,BUY00064,Philippines,PHP,completed,paid,9690.74,667.88,0.00,10358.62,2026-01-11T13:18:00+08:00,2026-01-11T19:18:00+08:00,2026-01-13T12:18:00+08:00,2026-01-16T12:18:00+08:00,,true
ORD000151,SHOP002,BUY00146,Malaysia,MYR,completed,paid,488.57,35.85,0.00,524.42,2026-02-10T13:42:00+08:00,2026-02-10T16:42:00+08:00,2026-02-12T09:42:00+08:00,2026-02-14T09:42:00+08:00,,true
ORD000152,SHOP001,BUY00019,Singapore,SGD,completed,paid,84.44,3.99,4.22,84.21,2026-01-31T03:41:00+08:00,2026-02-01T03:41:00+08:00,2026-02-02T03:41:00+08:00,2026-02-10T03:41:00+08:00,,true
ORD000153,SHOP002,BUY00251,Malaysia,MYR,ready_to_ship,paid,110.97,6.45,16.65,100.77,2026-03-18T09:41:00+08:00,2026-03-18T14:41:00+08:00,,,,true
ORD000154,SHOP005,BUY00057,Vietnam,VND,delivered,paid,4996759.28,259139.79,249837.96,5006061.11,2026-05-26T04:10:00+08:00,2026-05-26T13:10:00+08:00,2026-05-28T12:10:00+08:00,2026-05-30T12:10:00+08:00,,true
ORD000155,SHOP006,BUY00176,Indonesia,IDR,completed,paid,1316798.49,94234.01,65839.92,1345192.58,2026-06-28T21:58:00+08:00,2026-06-29T14:58:00+08:00,2026-07-01T14:58:00+08:00,2026-07-09T14:58:00+08:00,,true
ORD000156,SHOP001,BUY00076,Singapore,SGD,completed,paid,319.69,12.65,0.00,332.34,2026-05-15T01:55:00+08:00,2026-05-15T07:55:00+08:00,2026-05-15T19:55:00+08:00,2026-05-21T19:55:00+08:00,,true
ORD000157,SHOP005,BUY00261,Vietnam,VND,delivered,paid,1900016.61,67287.95,0.00,1967304.56,2026-04-17T15:30:00+08:00,2026-04-18T03:30:00+08:00,2026-04-19T17:30:00+08:00,2026-04-25T17:30:00+08:00,,true
ORD000158,SHOP005,BUY00233,Vietnam,VND,completed,paid,777631.56,52491.32,116644.73,713478.15,2026-06-25T16:06:00+08:00,2026-06-26T04:06:00+08:00,2026-06-28T02:06:00+08:00,2026-07-01T02:06:00+08:00,,true
ORD000159,SHOP006,BUY00222,Indonesia,IDR,delivered,paid,979581.36,68230.64,0.00,1047812.00,2026-05-06T05:13:00+08:00,2026-05-07T00:13:00+08:00,2026-05-08T22:13:00+08:00,2026-05-15T22:13:00+08:00,,true
ORD000160,SHOP005,BUY00055,Vietnam,VND,completed,paid,7010784.94,365396.91,0.00,7376181.85,2026-03-12T10:45:00+08:00,2026-03-13T05:45:00+08:00,2026-03-13T20:45:00+08:00,2026-03-21T20:45:00+08:00,,true
ORD000161,SHOP002,BUY00218,Malaysia,MYR,delivered,paid,318.97,23.73,31.90,310.80,2026-01-10T10:10:00+08:00,2026-01-11T08:10:00+08:00,2026-01-12T22:10:00+08:00,2026-01-19T22:10:00+08:00,,true
ORD000162,SHOP005,BUY00090,Vietnam,VND,shipped,paid,4116103.52,302210.50,0.00,4418314.02,2026-03-18T10:41:00+08:00,2026-03-18T23:41:00+08:00,2026-03-19T09:41:00+08:00,,,true
ORD000163,SHOP005,BUY00069,Vietnam,VND,completed,paid,3029098.76,218862.68,151454.94,3096506.50,2026-06-24T11:16:00+08:00,2026-06-25T01:16:00+08:00,2026-06-26T16:16:00+08:00,2026-06-30T16:16:00+08:00,,true
ORD000164,SHOP001,BUY00145,Singapore,SGD,shipped,paid,148.47,5.86,0.00,154.33,2026-01-05T17:00:00+08:00,2026-01-06T01:00:00+08:00,2026-01-07T19:00:00+08:00,,,true
ORD000165,SHOP005,BUY00269,Vietnam,VND,completed,paid,2040939.15,156553.94,102046.96,2095446.13,2026-04-10T08:42:00+08:00,2026-04-11T07:42:00+08:00,2026-04-12T23:42:00+08:00,2026-04-19T23:42:00+08:00,,true
ORD000166,SHOP001,BUY00282,Singapore,SGD,delivered,paid,78.51,6.14,11.78,72.87,2026-01-14T14:19:00+08:00,2026-01-15T08:19:00+08:00,2026-01-15T17:19:00+08:00,2026-01-20T17:19:00+08:00,,true
ORD000167,SHOP004,BUY00012,Thailand,THB,shipped,paid,1037.62,65.49,103.76,999.35,2026-04-21T21:06:00+08:00,2026-04-21T23:06:00+08:00,2026-04-23T02:06:00+08:00,,,true
ORD000168,SHOP002,BUY00261,Malaysia,MYR,ready_to_ship,paid,357.34,25.52,0.00,382.86,2026-06-25T17:05:00+08:00,2026-06-26T08:05:00+08:00,,,,true
ORD000169,SHOP001,BUY00170,Singapore,SGD,delivered,paid,69.96,2.75,0.00,72.71,2026-04-21T19:52:00+08:00,2026-04-22T08:52:00+08:00,2026-04-24T02:52:00+08:00,2026-04-30T02:52:00+08:00,,true
ORD000170,SHOP001,BUY00016,Singapore,SGD,completed,paid,277.02,7.50,13.85,270.67,2026-03-15T04:04:00+08:00,2026-03-15T12:04:00+08:00,2026-03-16T14:04:00+08:00,2026-03-22T14:04:00+08:00,,true
ORD000171,SHOP003,BUY00187,Philippines,PHP,completed,paid,2196.98,110.16,0.00,2307.14,2026-03-27T21:45:00+08:00,2026-03-28T21:45:00+08:00,2026-03-30T21:45:00+08:00,2026-04-05T21:45:00+08:00,,true
ORD000172,SHOP006,BUY00079,Indonesia,IDR,completed,paid,449713.81,24295.07,0.00,474008.88,2026-01-23T21:20:00+08:00,2026-01-24T13:20:00+08:00,2026-01-25T23:20:00+08:00,2026-01-30T23:20:00+08:00,,true
ORD000173,SHOP005,BUY00070,Vietnam,VND,ready_to_ship,paid,5430318.14,428083.60,0.00,5858401.74,2026-02-03T13:22:00+08:00,2026-02-03T21:22:00+08:00,,,,true
ORD000174,SHOP003,BUY00254,Philippines,PHP,paid,paid,3469.47,234.46,520.42,3183.51,2026-05-11T06:27:00+08:00,2026-05-11T23:27:00+08:00,,,,true
ORD000175,SHOP002,BUY00214,Malaysia,MYR,completed,paid,482.88,18.68,24.14,477.42,2026-04-16T02:43:00+08:00,2026-04-16T06:43:00+08:00,2026-04-16T20:43:00+08:00,2026-04-19T20:43:00+08:00,,true
ORD000176,SHOP005,BUY00317,Vietnam,VND,completed,paid,4004585.72,239549.75,400458.57,3843676.90,2026-05-15T01:06:00+08:00,2026-05-15T23:06:00+08:00,2026-05-17T07:06:00+08:00,2026-05-24T07:06:00+08:00,,true
ORD000177,SHOP001,BUY00246,Singapore,SGD,completed,paid,98.23,4.86,9.82,93.27,2026-04-28T12:48:00+08:00,2026-04-28T19:48:00+08:00,2026-04-30T15:48:00+08:00,2026-05-02T15:48:00+08:00,,true
ORD000178,SHOP003,BUY00276,Philippines,PHP,delivered,paid,3009.21,71.59,0.00,3080.80,2026-02-25T04:29:00+08:00,2026-02-25T14:29:00+08:00,2026-02-26T20:29:00+08:00,2026-03-02T20:29:00+08:00,,true
ORD000179,SHOP004,BUY00103,Thailand,THB,ready_to_ship,paid,1735.31,115.92,0.00,1851.23,2026-04-01T02:11:00+08:00,2026-04-01T07:11:00+08:00,,,,true
ORD000180,SHOP003,BUY00026,Philippines,PHP,pending_payment,unpaid,3514.92,178.00,0.00,3692.92,2026-01-31T05:26:00+08:00,,,,,true
ORD000181,SHOP003,BUY00031,Philippines,PHP,completed,paid,16736.15,779.51,0.00,17515.66,2026-01-21T05:27:00+08:00,2026-01-21T07:27:00+08:00,2026-01-22T19:27:00+08:00,2026-01-28T19:27:00+08:00,,true
ORD000182,SHOP001,BUY00037,Singapore,SGD,completed,paid,50.95,3.17,2.55,51.57,2026-02-27T17:03:00+08:00,2026-02-28T04:03:00+08:00,2026-02-28T16:03:00+08:00,2026-03-05T16:03:00+08:00,,true
ORD000183,SHOP004,BUY00079,Thailand,THB,ready_to_ship,paid,6477.77,480.41,0.00,6958.18,2026-05-18T00:18:00+08:00,2026-05-18T11:18:00+08:00,,,,true
ORD000184,SHOP003,BUY00238,Philippines,PHP,shipped,paid,2802.15,57.39,140.11,2719.43,2026-06-10T22:37:00+08:00,2026-06-11T22:37:00+08:00,2026-06-13T21:37:00+08:00,,,true
ORD000185,SHOP001,BUY00143,Singapore,SGD,shipped,paid,469.94,25.78,46.99,448.73,2026-02-05T04:01:00+08:00,2026-02-06T02:01:00+08:00,2026-02-07T18:01:00+08:00,,,true
ORD000186,SHOP003,BUY00082,Philippines,PHP,cancelled,unpaid,3363.81,93.03,168.19,3288.65,2026-06-04T06:34:00+08:00,,,,2026-06-04T15:34:00+08:00,true
ORD000187,SHOP002,BUY00124,Malaysia,MYR,paid,paid,307.55,8.78,46.13,270.20,2026-05-04T18:26:00+08:00,2026-05-05T14:26:00+08:00,,,,true
ORD000188,SHOP005,BUY00161,Vietnam,VND,cancelled,unpaid,700321.16,27047.10,70032.12,657336.14,2026-03-10T15:16:00+08:00,,,,2026-03-11T13:16:00+08:00,true
ORD000189,SHOP001,BUY00159,Singapore,SGD,shipped,paid,75.27,3.01,3.76,74.52,2026-01-20T19:36:00+08:00,2026-01-21T16:36:00+08:00,2026-01-23T13:36:00+08:00,,,true
ORD000190,SHOP001,BUY00064,Singapore,SGD,shipped,paid,111.06,8.25,0.00,119.31,2026-01-09T09:32:00+08:00,2026-01-09T18:32:00+08:00,2026-01-11T03:32:00+08:00,,,true
ORD000191,SHOP003,BUY00234,Philippines,PHP,delivered,paid,9275.56,281.94,927.56,8629.94,2026-06-23T14:32:00+08:00,2026-06-24T04:32:00+08:00,2026-06-24T14:32:00+08:00,2026-07-02T14:32:00+08:00,,true
ORD000192,SHOP001,BUY00204,Singapore,SGD,shipped,paid,110.71,7.51,5.54,112.68,2026-01-31T19:26:00+08:00,2026-02-01T10:26:00+08:00,2026-02-02T05:26:00+08:00,,,true
ORD000193,SHOP003,BUY00201,Philippines,PHP,refunded,refunded,3981.47,225.13,0.00,4206.60,2026-05-13T17:00:00+08:00,2026-05-14T00:00:00+08:00,2026-05-14T09:00:00+08:00,2026-05-21T09:00:00+08:00,,true
ORD000194,SHOP004,BUY00146,Thailand,THB,ready_to_ship,paid,2490.48,108.21,124.52,2474.17,2026-03-30T10:17:00+08:00,2026-03-31T00:17:00+08:00,,,,true
ORD000195,SHOP006,BUY00081,Indonesia,IDR,cancelled,unpaid,1061241.60,61352.82,0.00,1122594.42,2026-03-03T21:34:00+08:00,,,,2026-03-04T21:34:00+08:00,true
ORD000196,SHOP002,BUY00257,Malaysia,MYR,completed,paid,461.70,27.00,0.00,488.70,2026-04-29T06:37:00+08:00,2026-04-29T19:37:00+08:00,2026-05-01T18:37:00+08:00,2026-05-09T18:37:00+08:00,,true
ORD000197,SHOP006,BUY00239,Indonesia,IDR,shipped,paid,1811419.51,77407.13,0.00,1888826.64,2026-06-06T09:09:00+08:00,2026-06-06T16:09:00+08:00,2026-06-07T17:09:00+08:00,,,true
ORD000198,SHOP004,BUY00048,Thailand,THB,cancelled,refunded,3491.26,102.31,174.56,3419.01,2026-06-26T22:40:00+08:00,,,,2026-06-28T05:40:00+08:00,true
ORD000199,SHOP005,BUY00005,Vietnam,VND,completed,paid,3190883.70,243965.87,0.00,3434849.57,2026-01-05T06:58:00+08:00,2026-01-05T18:58:00+08:00,2026-01-07T16:58:00+08:00,2026-01-15T16:58:00+08:00,,true
ORD000200,SHOP006,BUY00153,Indonesia,IDR,completed,paid,1793777.26,101922.67,89688.86,1806011.07,2026-05-12T02:19:00+08:00,2026-05-12T23:19:00+08:00,2026-05-13T07:19:00+08:00,2026-05-15T07:19:00+08:00,,true
ORD000201,SHOP006,BUY00115,Indonesia,IDR,cancelled,unpaid,999346.94,66607.49,0.00,1065954.43,2026-02-14T16:24:00+08:00,,,,2026-02-15T05:24:00+08:00,true
ORD000202,SHOP003,BUY00281,Philippines,PHP,ready_to_ship,paid,4439.47,95.36,0.00,4534.83,2026-04-03T16:33:00+08:00,2026-04-03T17:33:00+08:00,,,,true
ORD000203,SHOP002,BUY00160,Malaysia,MYR,pending_payment,unpaid,474.50,35.45,0.00,509.95,2026-01-20T06:56:00+08:00,,,,,true
ORD000204,SHOP005,BUY00033,Vietnam,VND,cancelled,unpaid,5490238.76,140473.50,549023.88,5081688.38,2026-01-02T22:09:00+08:00,,,,2026-01-03T23:09:00+08:00,true
ORD000205,SHOP002,BUY00202,Malaysia,MYR,refunded,refunded,285.40,7.14,0.00,292.54,2026-01-27T22:09:00+08:00,2026-01-28T09:09:00+08:00,2026-01-29T05:09:00+08:00,2026-02-06T05:09:00+08:00,,true
ORD000206,SHOP001,BUY00284,Singapore,SGD,paid,paid,112.43,5.17,0.00,117.60,2026-05-20T21:17:00+08:00,2026-05-21T18:17:00+08:00,,,,true
ORD000207,SHOP005,BUY00089,Vietnam,VND,completed,paid,5083966.93,255983.35,254198.35,5085751.93,2026-05-12T17:26:00+08:00,2026-05-13T01:26:00+08:00,2026-05-14T13:26:00+08:00,2026-05-20T13:26:00+08:00,,true
ORD000208,SHOP006,BUY00016,Indonesia,IDR,delivered,paid,723622.53,45522.68,72362.25,696782.96,2026-04-30T16:20:00+08:00,2026-05-01T13:20:00+08:00,2026-05-03T09:20:00+08:00,2026-05-08T09:20:00+08:00,,true
ORD000209,SHOP002,BUY00142,Malaysia,MYR,paid,paid,547.36,30.96,27.37,550.95,2026-04-17T13:59:00+08:00,2026-04-17T23:59:00+08:00,,,,true
ORD000210,SHOP002,BUY00149,Malaysia,MYR,refunded,refunded,1094.74,58.62,0.00,1153.36,2026-01-27T01:42:00+08:00,2026-01-27T04:42:00+08:00,2026-01-27T13:42:00+08:00,2026-02-02T13:42:00+08:00,,true
ORD000211,SHOP003,BUY00226,Philippines,PHP,completed,paid,1757.46,89.06,0.00,1846.52,2026-05-15T07:40:00+08:00,2026-05-15T20:40:00+08:00,2026-05-16T12:40:00+08:00,2026-05-21T12:40:00+08:00,,true
ORD000212,SHOP004,BUY00131,Thailand,THB,ready_to_ship,paid,6888.99,545.55,344.45,7090.09,2026-05-03T10:24:00+08:00,2026-05-04T10:24:00+08:00,,,,true
ORD000213,SHOP002,BUY00229,Malaysia,MYR,ready_to_ship,paid,60.37,2.40,0.00,62.77,2026-03-09T01:36:00+08:00,2026-03-09T10:36:00+08:00,,,,true
ORD000214,SHOP006,BUY00272,Indonesia,IDR,delivered,paid,3395580.69,87576.56,169779.03,3313378.22,2026-04-17T23:35:00+08:00,2026-04-18T15:35:00+08:00,2026-04-19T19:35:00+08:00,2026-04-24T19:35:00+08:00,,true
ORD000215,SHOP006,BUY00263,Indonesia,IDR,delivered,paid,2219569.27,173340.90,0.00,2392910.17,2026-06-01T15:54:00+08:00,2026-06-02T15:54:00+08:00,2026-06-04T15:54:00+08:00,2026-06-12T15:54:00+08:00,,true
ORD000216,SHOP003,BUY00092,Philippines,PHP,completed,paid,5698.00,234.65,569.80,5362.85,2026-02-09T15:38:00+08:00,2026-02-09T23:38:00+08:00,2026-02-11T22:38:00+08:00,2026-02-19T22:38:00+08:00,,true
ORD000217,SHOP005,BUY00041,Vietnam,VND,delivered,paid,2607899.08,53770.89,0.00,2661669.97,2026-05-10T04:55:00+08:00,2026-05-10T13:55:00+08:00,2026-05-12T13:55:00+08:00,2026-05-18T13:55:00+08:00,,true
ORD000218,SHOP001,BUY00132,Singapore,SGD,paid,paid,164.08,9.23,0.00,173.31,2026-04-07T09:07:00+08:00,2026-04-07T17:07:00+08:00,,,,true
ORD000219,SHOP004,BUY00195,Thailand,THB,pending_payment,unpaid,2271.87,87.08,0.00,2358.95,2026-03-15T21:00:00+08:00,,,,,true
ORD000220,SHOP002,BUY00091,Malaysia,MYR,delivered,paid,840.42,42.96,0.00,883.38,2026-02-11T02:12:00+08:00,2026-02-12T02:12:00+08:00,2026-02-12T19:12:00+08:00,2026-02-18T19:12:00+08:00,,true
ORD000221,SHOP001,BUY00103,Singapore,SGD,completed,paid,154.07,4.61,0.00,158.68,2026-06-20T03:23:00+08:00,2026-06-21T01:23:00+08:00,2026-06-23T00:23:00+08:00,2026-06-30T00:23:00+08:00,,true
ORD000222,SHOP005,BUY00293,Vietnam,VND,refund_requested,paid,4401897.36,182670.20,220094.87,4364472.69,2026-01-24T04:22:00+08:00,2026-01-25T03:22:00+08:00,2026-01-26T00:22:00+08:00,2026-01-29T00:22:00+08:00,,true
ORD000223,SHOP003,BUY00026,Philippines,PHP,completed,paid,5509.02,229.46,0.00,5738.48,2026-03-29T20:48:00+08:00,2026-03-30T17:48:00+08:00,2026-04-01T02:48:00+08:00,2026-04-05T02:48:00+08:00,,true
ORD000224,SHOP006,BUY00143,Indonesia,IDR,shipped,paid,3956122.79,125407.24,395612.28,3685917.75,2026-05-23T23:59:00+08:00,2026-05-24T22:59:00+08:00,2026-05-26T20:59:00+08:00,,,true
ORD000225,SHOP002,BUY00190,Malaysia,MYR,shipped,paid,519.58,31.99,77.94,473.63,2026-06-19T00:48:00+08:00,2026-06-19T19:48:00+08:00,2026-06-21T10:48:00+08:00,,,true
ORD000226,SHOP005,BUY00216,Vietnam,VND,shipped,paid,2279759.40,144427.02,113987.97,2310198.45,2026-01-29T00:36:00+08:00,2026-01-29T13:36:00+08:00,2026-01-30T03:36:00+08:00,,,true
ORD000227,SHOP004,BUY00004,Thailand,THB,shipped,paid,6470.08,227.92,647.01,6050.99,2026-04-22T07:13:00+08:00,2026-04-22T09:13:00+08:00,2026-04-23T07:13:00+08:00,,,true
ORD000228,SHOP005,BUY00009,Vietnam,VND,paid,paid,5627162.95,438142.82,0.00,6065305.77,2026-05-25T01:20:00+08:00,2026-05-25T06:20:00+08:00,,,,true
ORD000229,SHOP006,BUY00088,Indonesia,IDR,shipped,paid,2523300.96,66892.48,126165.05,2464028.39,2026-03-20T02:31:00+08:00,2026-03-21T00:31:00+08:00,2026-03-22T00:31:00+08:00,,,true
ORD000230,SHOP005,BUY00148,Vietnam,VND,pending_payment,unpaid,2403322.45,71126.51,0.00,2474448.96,2026-04-25T04:42:00+08:00,,,,,true
ORD000231,SHOP001,BUY00058,Singapore,SGD,ready_to_ship,paid,309.89,8.87,30.99,287.77,2026-02-06T10:48:00+08:00,2026-02-07T03:48:00+08:00,,,,true
ORD000232,SHOP002,BUY00134,Malaysia,MYR,cancelled,unpaid,161.82,10.84,16.18,156.48,2026-01-17T09:51:00+08:00,,,,2026-01-18T01:51:00+08:00,true
ORD000233,SHOP005,BUY00270,Vietnam,VND,completed,paid,4416514.80,90572.24,220825.74,4286261.30,2026-04-03T22:15:00+08:00,2026-04-04T02:15:00+08:00,2026-04-05T11:15:00+08:00,2026-04-09T11:15:00+08:00,,true
ORD000234,SHOP004,BUY00232,Thailand,THB,completed,paid,3471.69,142.78,347.17,3267.30,2026-06-02T06:25:00+08:00,2026-06-02T21:25:00+08:00,2026-06-03T10:25:00+08:00,2026-06-10T10:25:00+08:00,,true
ORD000235,SHOP006,BUY00160,Indonesia,IDR,shipped,paid,412826.09,21771.95,0.00,434598.04,2026-01-26T23:24:00+08:00,2026-01-27T06:24:00+08:00,2026-01-28T14:24:00+08:00,,,true
ORD000236,SHOP005,BUY00160,Vietnam,VND,shipped,paid,4732842.80,213775.96,0.00,4946618.76,2026-02-19T11:01:00+08:00,2026-02-19T13:01:00+08:00,2026-02-20T07:01:00+08:00,,,true
ORD000237,SHOP001,BUY00251,Singapore,SGD,delivered,paid,156.45,11.17,0.00,167.62,2026-05-12T14:58:00+08:00,2026-05-12T21:58:00+08:00,2026-05-14T15:58:00+08:00,2026-05-16T15:58:00+08:00,,true
ORD000238,SHOP005,BUY00075,Vietnam,VND,completed,paid,1555263.12,118941.90,233289.47,1440915.55,2026-02-26T08:18:00+08:00,2026-02-26T17:18:00+08:00,2026-02-27T10:18:00+08:00,2026-03-05T10:18:00+08:00,,true
ORD000239,SHOP002,BUY00299,Malaysia,MYR,pending_payment,unpaid,667.83,25.41,0.00,693.24,2026-02-10T10:05:00+08:00,,,,,true
ORD000240,SHOP006,BUY00159,Indonesia,IDR,delivered,paid,2319237.65,103678.60,0.00,2422916.25,2026-04-16T08:34:00+08:00,2026-04-16T22:34:00+08:00,2026-04-17T21:34:00+08:00,2026-04-20T21:34:00+08:00,,true
ORD000241,SHOP006,BUY00128,Indonesia,IDR,paid,paid,1291739.37,95675.65,0.00,1387415.02,2026-03-07T07:56:00+08:00,2026-03-07T23:56:00+08:00,,,,true
ORD000242,SHOP002,BUY00188,Malaysia,MYR,cancelled,unpaid,807.20,54.17,0.00,861.37,2026-03-14T08:17:00+08:00,,,,2026-03-15T15:17:00+08:00,true
ORD000243,SHOP001,BUY00263,Singapore,SGD,delivered,paid,267.62,17.71,13.38,271.95,2026-01-25T07:02:00+08:00,2026-01-25T19:02:00+08:00,2026-01-26T18:02:00+08:00,2026-01-30T18:02:00+08:00,,true
ORD000244,SHOP002,BUY00044,Malaysia,MYR,ready_to_ship,paid,408.84,26.27,40.88,394.23,2026-04-07T09:17:00+08:00,2026-04-07T11:17:00+08:00,,,,true
ORD000245,SHOP006,BUY00219,Indonesia,IDR,completed,paid,664786.30,28307.32,0.00,693093.62,2026-02-26T09:27:00+08:00,2026-02-26T10:27:00+08:00,2026-02-28T07:27:00+08:00,2026-03-06T07:27:00+08:00,,true
ORD000246,SHOP005,BUY00253,Vietnam,VND,delivered,paid,1608396.27,108762.11,0.00,1717158.38,2026-06-01T04:48:00+08:00,2026-06-01T17:48:00+08:00,2026-06-03T16:48:00+08:00,2026-06-05T16:48:00+08:00,,true
ORD000247,SHOP004,BUY00240,Thailand,THB,completed,paid,679.69,41.61,33.98,687.32,2026-03-12T03:26:00+08:00,2026-03-12T17:26:00+08:00,2026-03-14T02:26:00+08:00,2026-03-18T02:26:00+08:00,,true
ORD000248,SHOP001,BUY00283,Singapore,SGD,delivered,paid,251.63,7.71,0.00,259.34,2026-03-26T04:07:00+08:00,2026-03-26T09:07:00+08:00,2026-03-27T06:07:00+08:00,2026-03-30T06:07:00+08:00,,true
ORD000249,SHOP005,BUY00200,Vietnam,VND,completed,paid,4828953.72,228357.27,0.00,5057310.99,2026-03-28T11:46:00+08:00,2026-03-29T10:46:00+08:00,2026-03-29T20:46:00+08:00,2026-04-06T20:46:00+08:00,,true
ORD000250,SHOP005,BUY00046,Vietnam,VND,completed,paid,4547913.78,257368.92,0.00,4805282.70,2026-02-05T16:41:00+08:00,2026-02-06T10:41:00+08:00,2026-02-06T18:41:00+08:00,2026-02-14T18:41:00+08:00,,true
ORD000251,SHOP003,BUY00310,Philippines,PHP,completed,paid,9471.13,629.37,0.00,10100.50,2026-05-03T23:46:00+08:00,2026-05-04T20:46:00+08:00,2026-05-06T18:46:00+08:00,2026-05-11T18:46:00+08:00,,true
ORD000252,SHOP002,BUY00088,Malaysia,MYR,delivered,paid,68.49,1.43,6.85,63.07,2026-06-03T07:31:00+08:00,2026-06-03T09:31:00+08:00,2026-06-05T01:31:00+08:00,2026-06-10T01:31:00+08:00,,true
ORD000253,SHOP003,BUY00290,Philippines,PHP,shipped,paid,2835.23,73.69,0.00,2908.92,2026-06-19T13:53:00+08:00,2026-06-20T06:53:00+08:00,2026-06-22T05:53:00+08:00,,,true
ORD000254,SHOP006,BUY00130,Indonesia,IDR,shipped,paid,2826458.52,184710.25,0.00,3011168.77,2026-02-04T17:19:00+08:00,2026-02-05T03:19:00+08:00,2026-02-06T20:19:00+08:00,,,true
ORD000255,SHOP002,BUY00141,Malaysia,MYR,refunded,refunded,205.44,7.33,0.00,212.77,2026-04-20T21:16:00+08:00,2026-04-21T19:16:00+08:00,2026-04-23T11:16:00+08:00,2026-04-26T11:16:00+08:00,,true
ORD000256,SHOP002,BUY00304,Malaysia,MYR,shipped,paid,538.63,31.41,0.00,570.04,2026-06-05T02:50:00+08:00,2026-06-05T07:50:00+08:00,2026-06-05T17:50:00+08:00,,,true
ORD000257,SHOP004,BUY00154,Thailand,THB,delivered,paid,6541.85,431.95,0.00,6973.80,2026-06-23T02:45:00+08:00,2026-06-24T02:45:00+08:00,2026-06-25T06:45:00+08:00,2026-07-02T06:45:00+08:00,,true
ORD000258,SHOP004,BUY00038,Thailand,THB,completed,paid,2588.06,173.25,388.21,2373.10,2026-06-21T11:13:00+08:00,2026-06-21T21:13:00+08:00,2026-06-23T21:13:00+08:00,2026-06-26T21:13:00+08:00,,true
ORD000259,SHOP002,BUY00046,Malaysia,MYR,completed,paid,510.98,34.88,0.00,545.86,2026-04-26T23:56:00+08:00,2026-04-27T08:56:00+08:00,2026-04-29T05:56:00+08:00,2026-05-04T05:56:00+08:00,,true
ORD000260,SHOP001,BUY00229,Singapore,SGD,completed,paid,10.35,0.44,1.03,9.76,2026-05-10T15:36:00+08:00,2026-05-10T23:36:00+08:00,2026-05-11T23:36:00+08:00,2026-05-13T23:36:00+08:00,,true
ORD000261,SHOP002,BUY00236,Malaysia,MYR,paid,paid,376.47,11.22,0.00,387.69,2026-03-20T22:01:00+08:00,2026-03-21T15:01:00+08:00,,,,true
ORD000262,SHOP002,BUY00157,Malaysia,MYR,completed,paid,204.44,7.55,10.22,201.77,2026-02-01T08:16:00+08:00,2026-02-01T22:16:00+08:00,2026-02-03T10:16:00+08:00,2026-02-11T10:16:00+08:00,,true
ORD000263,SHOP003,BUY00060,Philippines,PHP,ready_to_ship,paid,11970.65,702.92,598.53,12075.04,2026-05-22T10:54:00+08:00,2026-05-22T15:54:00+08:00,,,,true
ORD000264,SHOP005,BUY00100,Vietnam,VND,cancelled,refunded,954481.51,67795.21,47724.08,974552.64,2026-03-18T10:38:00+08:00,,,,2026-03-18T18:38:00+08:00,true
ORD000265,SHOP006,BUY00085,Indonesia,IDR,shipped,paid,2274005.55,121889.43,113700.28,2282194.70,2026-05-15T10:46:00+08:00,2026-05-16T08:46:00+08:00,2026-05-17T00:46:00+08:00,,,true
ORD000266,SHOP003,BUY00235,Philippines,PHP,delivered,paid,12198.47,671.09,609.92,12259.64,2026-02-15T01:09:00+08:00,2026-02-15T21:09:00+08:00,2026-02-17T13:09:00+08:00,2026-02-25T13:09:00+08:00,,true
ORD000267,SHOP002,BUY00230,Malaysia,MYR,completed,paid,657.14,17.28,0.00,674.42,2026-04-16T07:11:00+08:00,2026-04-17T01:11:00+08:00,2026-04-17T22:11:00+08:00,2026-04-23T22:11:00+08:00,,true
ORD000268,SHOP004,BUY00081,Thailand,THB,completed,paid,1305.92,62.82,0.00,1368.74,2026-06-08T18:47:00+08:00,2026-06-08T22:47:00+08:00,2026-06-09T23:47:00+08:00,2026-06-13T23:47:00+08:00,,true
ORD000269,SHOP004,BUY00092,Thailand,THB,paid,paid,2820.14,162.56,282.01,2700.69,2026-03-25T13:07:00+08:00,2026-03-26T09:07:00+08:00,,,,true
ORD000270,SHOP001,BUY00287,Singapore,SGD,refund_requested,paid,108.80,5.55,0.00,114.35,2026-04-05T09:06:00+08:00,2026-04-05T14:06:00+08:00,2026-04-06T04:06:00+08:00,2026-04-12T04:06:00+08:00,,true
ORD000271,SHOP001,BUY00224,Singapore,SGD,refunded,refunded,163.74,7.81,0.00,171.55,2026-05-21T07:09:00+08:00,2026-05-21T21:09:00+08:00,2026-05-22T16:09:00+08:00,2026-05-30T16:09:00+08:00,,true
ORD000272,SHOP002,BUY00246,Malaysia,MYR,completed,paid,261.53,5.29,26.15,240.67,2026-03-25T19:51:00+08:00,2026-03-26T10:51:00+08:00,2026-03-27T02:51:00+08:00,2026-03-29T02:51:00+08:00,,true
ORD000273,SHOP001,BUY00187,Singapore,SGD,cancelled,unpaid,392.43,27.36,0.00,419.79,2026-05-13T12:46:00+08:00,,,,2026-05-13T15:46:00+08:00,true
ORD000274,SHOP005,BUY00118,Vietnam,VND,completed,paid,3491620.62,229223.29,349162.06,3371681.85,2026-05-21T12:49:00+08:00,2026-05-21T14:49:00+08:00,2026-05-23T03:49:00+08:00,2026-05-27T03:49:00+08:00,,true
ORD000275,SHOP001,BUY00295,Singapore,SGD,paid,paid,163.82,5.62,0.00,169.44,2026-03-19T17:37:00+08:00,2026-03-20T12:37:00+08:00,,,,true
ORD000276,SHOP003,BUY00074,Philippines,PHP,shipped,paid,3638.46,220.40,0.00,3858.86,2026-05-20T02:14:00+08:00,2026-05-21T02:14:00+08:00,2026-05-22T05:14:00+08:00,,,true
ORD000277,SHOP001,BUY00045,Singapore,SGD,cancelled,refunded,138.77,8.82,0.00,147.59,2026-03-24T05:14:00+08:00,,,,2026-03-25T01:14:00+08:00,true
ORD000278,SHOP001,BUY00057,Singapore,SGD,paid,paid,288.04,20.58,28.80,279.82,2026-01-27T10:13:00+08:00,2026-01-28T05:13:00+08:00,,,,true
ORD000279,SHOP001,BUY00052,Singapore,SGD,shipped,paid,86.16,6.02,0.00,92.18,2026-04-11T14:11:00+08:00,2026-04-11T19:11:00+08:00,2026-04-12T07:11:00+08:00,,,true
ORD000280,SHOP001,BUY00006,Singapore,SGD,completed,paid,239.24,15.16,11.96,242.44,2026-05-30T15:37:00+08:00,2026-05-31T10:37:00+08:00,2026-06-01T04:37:00+08:00,2026-06-08T04:37:00+08:00,,true
ORD000281,SHOP002,BUY00316,Malaysia,MYR,paid,paid,274.55,18.85,0.00,293.40,2026-01-10T08:36:00+08:00,2026-01-10T18:36:00+08:00,,,,true
ORD000282,SHOP005,BUY00161,Vietnam,VND,delivered,paid,7808500.20,305051.28,1171275.03,6942276.45,2026-06-13T23:44:00+08:00,2026-06-14T20:44:00+08:00,2026-06-15T13:44:00+08:00,2026-06-22T13:44:00+08:00,,true
ORD000283,SHOP001,BUY00307,Singapore,SGD,completed,paid,212.14,16.85,10.61,218.38,2026-05-04T23:57:00+08:00,2026-05-05T12:57:00+08:00,2026-05-06T13:57:00+08:00,2026-05-09T13:57:00+08:00,,true
ORD000284,SHOP001,BUY00091,Singapore,SGD,refunded,refunded,230.15,10.74,23.02,217.87,2026-01-22T17:55:00+08:00,2026-01-23T01:55:00+08:00,2026-01-23T10:55:00+08:00,2026-01-25T10:55:00+08:00,,true
ORD000285,SHOP006,BUY00089,Indonesia,IDR,completed,paid,1815601.87,88840.27,0.00,1904442.14,2026-06-26T01:10:00+08:00,2026-06-26T19:10:00+08:00,2026-06-27T04:10:00+08:00,2026-06-30T04:10:00+08:00,,true
ORD000286,SHOP003,BUY00314,Philippines,PHP,ready_to_ship,paid,1334.27,67.68,0.00,1401.95,2026-04-06T15:32:00+08:00,2026-04-06T21:32:00+08:00,,,,true
ORD000287,SHOP001,BUY00178,Singapore,SGD,shipped,paid,182.11,10.14,0.00,192.25,2026-06-04T13:41:00+08:00,2026-06-04T19:41:00+08:00,2026-06-05T21:41:00+08:00,,,true
ORD000288,SHOP002,BUY00052,Malaysia,MYR,shipped,paid,218.78,8.87,10.94,216.71,2026-01-29T22:44:00+08:00,2026-01-29T23:44:00+08:00,2026-01-31T13:44:00+08:00,,,true
ORD000289,SHOP006,BUY00104,Indonesia,IDR,pending_payment,unpaid,2041795.47,91644.14,204179.55,1929260.06,2026-01-24T22:30:00+08:00,,,,,true
ORD000290,SHOP005,BUY00124,Vietnam,VND,shipped,paid,1432398.55,92850.18,143239.86,1382008.87,2026-03-01T00:06:00+08:00,2026-03-01T20:06:00+08:00,2026-03-02T23:06:00+08:00,,,true
ORD000291,SHOP005,BUY00246,Vietnam,VND,paid,paid,1341406.94,51411.00,67070.35,1325747.59,2026-02-22T15:17:00+08:00,2026-02-23T04:17:00+08:00,,,,true
ORD000292,SHOP001,BUY00074,Singapore,SGD,completed,paid,69.96,4.63,3.50,71.09,2026-02-25T20:07:00+08:00,2026-02-26T15:07:00+08:00,2026-02-27T10:07:00+08:00,2026-03-05T10:07:00+08:00,,true
ORD000293,SHOP003,BUY00292,Philippines,PHP,delivered,paid,6609.31,504.93,0.00,7114.24,2026-04-20T13:46:00+08:00,2026-04-20T23:46:00+08:00,2026-04-21T10:46:00+08:00,2026-04-25T10:46:00+08:00,,true
ORD000294,SHOP006,BUY00222,Indonesia,IDR,completed,paid,2092150.63,84041.21,0.00,2176191.84,2026-05-02T18:34:00+08:00,2026-05-03T14:34:00+08:00,2026-05-04T00:34:00+08:00,2026-05-11T00:34:00+08:00,,true
ORD000295,SHOP004,BUY00007,Thailand,THB,delivered,paid,3829.83,206.08,0.00,4035.91,2026-06-24T14:40:00+08:00,2026-06-24T22:40:00+08:00,2026-06-26T17:40:00+08:00,2026-06-28T17:40:00+08:00,,true
ORD000296,SHOP001,BUY00290,Singapore,SGD,delivered,paid,162.84,12.67,16.28,159.23,2026-01-22T07:03:00+08:00,2026-01-23T02:03:00+08:00,2026-01-23T17:03:00+08:00,2026-01-25T17:03:00+08:00,,true
ORD000297,SHOP001,BUY00065,Singapore,SGD,ready_to_ship,paid,48.24,2.16,4.82,45.58,2026-05-09T21:52:00+08:00,2026-05-10T04:52:00+08:00,,,,true
ORD000298,SHOP004,BUY00011,Thailand,THB,completed,paid,2263.34,133.17,0.00,2396.51,2026-05-24T09:40:00+08:00,2026-05-24T10:40:00+08:00,2026-05-26T09:40:00+08:00,2026-06-03T09:40:00+08:00,,true
ORD000299,SHOP002,BUY00103,Malaysia,MYR,refunded,refunded,332.16,21.07,0.00,353.23,2026-06-12T19:41:00+08:00,2026-06-12T20:41:00+08:00,2026-06-14T15:41:00+08:00,2026-06-20T15:41:00+08:00,,true
ORD000300,SHOP004,BUY00248,Thailand,THB,completed,paid,6311.92,384.53,631.19,6065.26,2026-03-19T14:55:00+08:00,2026-03-20T09:55:00+08:00,2026-03-21T22:55:00+08:00,2026-03-29T22:55:00+08:00,,true
ORD000301,SHOP004,BUY00052,Thailand,THB,delivered,paid,2229.22,105.30,111.46,2223.06,2026-03-25T04:09:00+08:00,2026-03-25T10:09:00+08:00,2026-03-25T22:09:00+08:00,2026-03-30T22:09:00+08:00,,true
ORD000302,SHOP002,BUY00091,Malaysia,MYR,completed,paid,383.60,11.55,0.00,395.15,2026-04-14T10:44:00+08:00,2026-04-14T23:44:00+08:00,2026-04-15T20:44:00+08:00,2026-04-20T20:44:00+08:00,,true
ORD000303,SHOP001,BUY00281,Singapore,SGD,pending_payment,unpaid,334.57,9.39,0.00,343.96,2026-05-19T17:18:00+08:00,,,,,true
ORD000304,SHOP001,BUY00049,Singapore,SGD,paid,paid,92.42,7.06,9.24,90.24,2026-03-13T16:54:00+08:00,2026-03-14T09:54:00+08:00,,,,true
ORD000305,SHOP004,BUY00175,Thailand,THB,shipped,paid,1293.40,67.25,64.67,1295.98,2026-03-27T04:52:00+08:00,2026-03-28T04:52:00+08:00,2026-03-30T03:52:00+08:00,,,true
ORD000306,SHOP005,BUY00128,Vietnam,VND,completed,paid,4284062.82,217799.45,214203.14,4287659.13,2026-04-09T02:32:00+08:00,2026-04-09T14:32:00+08:00,2026-04-09T22:32:00+08:00,2026-04-17T22:32:00+08:00,,true
ORD000307,SHOP004,BUY00249,Thailand,THB,pending_payment,unpaid,2651.08,175.33,0.00,2826.41,2026-02-24T05:33:00+08:00,,,,,true
ORD000308,SHOP003,BUY00075,Philippines,PHP,ready_to_ship,paid,14261.00,555.99,713.05,14103.94,2026-03-14T17:16:00+08:00,2026-03-14T18:16:00+08:00,,,,true
ORD000309,SHOP002,BUY00153,Malaysia,MYR,shipped,paid,892.90,28.73,0.00,921.63,2026-06-17T11:17:00+08:00,2026-06-17T14:17:00+08:00,2026-06-19T13:17:00+08:00,,,true
ORD000310,SHOP001,BUY00242,Singapore,SGD,ready_to_ship,paid,296.32,19.16,0.00,315.48,2026-05-08T11:58:00+08:00,2026-05-09T09:58:00+08:00,,,,true
ORD000311,SHOP001,BUY00106,Singapore,SGD,paid,paid,146.97,4.00,0.00,150.97,2026-03-16T16:28:00+08:00,2026-03-17T12:28:00+08:00,,,,true
ORD000312,SHOP004,BUY00269,Thailand,THB,cancelled,unpaid,7816.80,362.89,390.84,7788.85,2026-05-23T01:25:00+08:00,,,,2026-05-23T12:25:00+08:00,true
ORD000313,SHOP001,BUY00049,Singapore,SGD,completed,paid,76.26,2.25,0.00,78.51,2026-06-29T09:37:00+08:00,2026-06-29T12:37:00+08:00,2026-07-01T04:37:00+08:00,2026-07-07T04:37:00+08:00,,true
ORD000314,SHOP002,BUY00067,Malaysia,MYR,paid,paid,146.92,6.73,0.00,153.65,2026-05-29T16:10:00+08:00,2026-05-30T09:10:00+08:00,,,,true
ORD000315,SHOP006,BUY00275,Indonesia,IDR,completed,paid,385998.04,11601.22,0.00,397599.26,2026-04-28T14:07:00+08:00,2026-04-29T11:07:00+08:00,2026-04-30T08:07:00+08:00,2026-05-04T08:07:00+08:00,,true
ORD000316,SHOP002,BUY00030,Malaysia,MYR,ready_to_ship,paid,324.04,14.58,0.00,338.62,2026-04-16T17:22:00+08:00,2026-04-17T07:22:00+08:00,,,,true
ORD000317,SHOP006,BUY00234,Indonesia,IDR,completed,paid,840736.95,23432.02,0.00,864168.97,2026-01-12T01:11:00+08:00,2026-01-12T06:11:00+08:00,2026-01-13T00:11:00+08:00,2026-01-19T00:11:00+08:00,,true
ORD000318,SHOP002,BUY00072,Malaysia,MYR,completed,paid,731.40,33.78,0.00,765.18,2026-05-14T11:55:00+08:00,2026-05-14T12:55:00+08:00,2026-05-16T08:55:00+08:00,2026-05-19T08:55:00+08:00,,true
ORD000319,SHOP004,BUY00250,Thailand,THB,shipped,paid,5697.95,415.67,284.90,5828.72,2026-06-19T12:07:00+08:00,2026-06-19T22:07:00+08:00,2026-06-21T06:07:00+08:00,,,true
ORD000320,SHOP001,BUY00116,Singapore,SGD,ready_to_ship,paid,237.64,8.67,0.00,246.31,2026-02-04T12:17:00+08:00,2026-02-05T11:17:00+08:00,,,,true
ORD000321,SHOP005,BUY00285,Vietnam,VND,completed,paid,5907396.80,211012.59,0.00,6118409.39,2026-04-02T10:08:00+08:00,2026-04-03T00:08:00+08:00,2026-04-03T13:08:00+08:00,2026-04-09T13:08:00+08:00,,true
ORD000322,SHOP001,BUY00098,Singapore,SGD,refund_requested,paid,166.02,11.26,0.00,177.28,2026-02-19T01:55:00+08:00,2026-02-19T13:55:00+08:00,2026-02-21T09:55:00+08:00,2026-02-27T09:55:00+08:00,,true
ORD000323,SHOP002,BUY00284,Malaysia,MYR,shipped,paid,76.68,2.07,11.50,67.25,2026-01-17T20:47:00+08:00,2026-01-18T00:47:00+08:00,2026-01-19T09:47:00+08:00,,,true
ORD000324,SHOP002,BUY00085,Malaysia,MYR,delivered,paid,440.76,26.55,44.08,423.23,2026-03-25T12:17:00+08:00,2026-03-26T07:17:00+08:00,2026-03-27T02:17:00+08:00,2026-03-30T02:17:00+08:00,,true
ORD000325,SHOP004,BUY00231,Thailand,THB,paid,paid,5995.91,301.51,899.39,5398.03,2026-06-06T21:02:00+08:00,2026-06-07T01:02:00+08:00,,,,true
ORD000326,SHOP001,BUY00039,Singapore,SGD,delivered,paid,91.56,1.95,9.16,84.35,2026-03-24T02:38:00+08:00,2026-03-24T20:38:00+08:00,2026-03-25T13:38:00+08:00,2026-03-27T13:38:00+08:00,,true
ORD000327,SHOP005,BUY00159,Vietnam,VND,refunded,refunded,5132084.78,228889.49,0.00,5360974.27,2026-02-26T13:53:00+08:00,2026-02-27T05:53:00+08:00,2026-02-28T22:53:00+08:00,2026-03-07T22:53:00+08:00,,true
ORD000328,SHOP004,BUY00283,Thailand,THB,refund_requested,paid,5038.72,181.74,251.94,4968.52,2026-03-11T07:07:00+08:00,2026-03-11T11:07:00+08:00,2026-03-13T07:07:00+08:00,2026-03-20T07:07:00+08:00,,true
ORD000329,SHOP002,BUY00288,Malaysia,MYR,completed,paid,267.52,6.68,13.38,260.82,2026-05-25T22:39:00+08:00,2026-05-26T17:39:00+08:00,2026-05-28T13:39:00+08:00,2026-05-30T13:39:00+08:00,,true
ORD000330,SHOP006,BUY00052,Indonesia,IDR,completed,paid,4536069.11,225691.12,453606.91,4308153.32,2026-01-16T17:17:00+08:00,2026-01-17T04:17:00+08:00,2026-01-18T14:17:00+08:00,2026-01-21T14:17:00+08:00,,true
ORD000331,SHOP006,BUY00145,Indonesia,IDR,refunded,refunded,394415.03,16849.69,0.00,411264.72,2026-05-16T04:57:00+08:00,2026-05-16T13:57:00+08:00,2026-05-17T07:57:00+08:00,2026-05-20T07:57:00+08:00,,true
ORD000332,SHOP002,BUY00180,Malaysia,MYR,delivered,paid,146.03,9.69,14.60,141.12,2026-03-04T14:49:00+08:00,2026-03-05T00:49:00+08:00,2026-03-05T22:49:00+08:00,2026-03-12T22:49:00+08:00,,true
ORD000333,SHOP002,BUY00080,Malaysia,MYR,shipped,paid,97.60,4.82,9.76,92.66,2026-01-20T12:06:00+08:00,2026-01-21T06:06:00+08:00,2026-01-21T22:06:00+08:00,,,true
ORD000334,SHOP004,BUY00134,Thailand,THB,cancelled,unpaid,441.55,15.94,0.00,457.49,2026-01-03T00:11:00+08:00,,,,2026-01-04T06:11:00+08:00,true
ORD000335,SHOP005,BUY00207,Vietnam,VND,cancelled,unpaid,2602216.78,156408.22,0.00,2758625.00,2026-02-10T03:07:00+08:00,,,,2026-02-11T03:07:00+08:00,true
ORD000336,SHOP006,BUY00173,Indonesia,IDR,completed,paid,2338853.45,64043.91,0.00,2402897.36,2026-03-27T05:57:00+08:00,2026-03-27T06:57:00+08:00,2026-03-28T22:57:00+08:00,2026-03-30T22:57:00+08:00,,true
ORD000337,SHOP001,BUY00293,Singapore,SGD,paid,paid,199.54,7.97,0.00,207.51,2026-05-30T08:38:00+08:00,2026-05-30T12:38:00+08:00,,,,true
ORD000338,SHOP002,BUY00282,Malaysia,MYR,paid,paid,282.18,15.95,14.11,284.02,2026-03-12T20:33:00+08:00,2026-03-13T20:33:00+08:00,,,,true
ORD000339,SHOP004,BUY00025,Thailand,THB,cancelled,unpaid,1645.68,75.94,0.00,1721.62,2026-05-02T13:59:00+08:00,,,,2026-05-03T05:59:00+08:00,true
ORD000340,SHOP004,BUY00018,Thailand,THB,ready_to_ship,paid,5765.14,119.84,0.00,5884.98,2026-04-30T11:56:00+08:00,2026-05-01T06:56:00+08:00,,,,true
ORD000341,SHOP001,BUY00049,Singapore,SGD,pending_payment,unpaid,326.44,24.73,16.32,334.85,2026-05-26T16:23:00+08:00,,,,,true
ORD000342,SHOP001,BUY00209,Singapore,SGD,completed,paid,170.25,12.19,8.51,173.93,2026-06-17T21:52:00+08:00,2026-06-18T01:52:00+08:00,2026-06-19T11:52:00+08:00,2026-06-22T11:52:00+08:00,,true
ORD000343,SHOP004,BUY00010,Thailand,THB,delivered,paid,3022.06,130.48,151.10,3001.44,2026-05-08T03:26:00+08:00,2026-05-09T01:26:00+08:00,2026-05-10T06:26:00+08:00,2026-05-12T06:26:00+08:00,,true
ORD000344,SHOP004,BUY00144,Thailand,THB,delivered,paid,1295.43,62.57,129.54,1228.46,2026-01-25T23:40:00+08:00,2026-01-26T21:40:00+08:00,2026-01-28T10:40:00+08:00,2026-02-02T10:40:00+08:00,,true
ORD000345,SHOP003,BUY00234,Philippines,PHP,completed,paid,737.27,33.36,0.00,770.63,2026-03-20T03:46:00+08:00,2026-03-20T11:46:00+08:00,2026-03-21T02:46:00+08:00,2026-03-23T02:46:00+08:00,,true
ORD000346,SHOP002,BUY00234,Malaysia,MYR,refund_requested,paid,941.02,30.72,0.00,971.74,2026-04-05T10:45:00+08:00,2026-04-05T14:45:00+08:00,2026-04-06T13:45:00+08:00,2026-04-13T13:45:00+08:00,,true
ORD000347,SHOP002,BUY00056,Malaysia,MYR,paid,paid,731.33,40.14,0.00,771.47,2026-02-17T20:25:00+08:00,2026-02-18T01:25:00+08:00,,,,true
ORD000348,SHOP004,BUY00297,Thailand,THB,completed,paid,4905.11,207.81,490.51,4622.41,2026-05-04T19:32:00+08:00,2026-05-05T14:32:00+08:00,2026-05-06T00:32:00+08:00,2026-05-09T00:32:00+08:00,,true
ORD000349,SHOP006,BUY00318,Indonesia,IDR,completed,paid,1839428.80,140874.51,0.00,1980303.31,2026-03-15T23:52:00+08:00,2026-03-16T18:52:00+08:00,2026-03-17T15:52:00+08:00,2026-03-22T15:52:00+08:00,,true
ORD000350,SHOP002,BUY00213,Malaysia,MYR,paid,paid,473.06,32.26,23.65,481.67,2026-05-18T22:53:00+08:00,2026-05-19T10:53:00+08:00,,,,true
ORD000351,SHOP005,BUY00140,Vietnam,VND,completed,paid,2021056.57,52134.84,303158.49,1770032.92,2026-05-18T17:59:00+08:00,2026-05-19T17:59:00+08:00,2026-05-20T09:59:00+08:00,2026-05-28T09:59:00+08:00,,true
ORD000352,SHOP004,BUY00014,Thailand,THB,shipped,paid,848.12,31.18,42.41,836.89,2026-03-01T15:00:00+08:00,2026-03-01T23:00:00+08:00,2026-03-02T13:00:00+08:00,,,true
ORD000353,SHOP002,BUY00268,Malaysia,MYR,completed,paid,139.03,3.03,0.00,142.06,2026-01-10T19:47:00+08:00,2026-01-11T17:47:00+08:00,2026-01-13T09:47:00+08:00,2026-01-17T09:47:00+08:00,,true
ORD000354,SHOP006,BUY00184,Indonesia,IDR,delivered,paid,1244856.23,37552.59,62242.81,1220166.01,2026-03-13T17:38:00+08:00,2026-03-14T14:38:00+08:00,2026-03-15T10:38:00+08:00,2026-03-19T10:38:00+08:00,,true
ORD000355,SHOP004,BUY00074,Thailand,THB,cancelled,unpaid,9208.72,203.13,460.44,8951.41,2026-05-27T09:22:00+08:00,,,,2026-05-27T12:22:00+08:00,true
ORD000356,SHOP004,BUY00118,Thailand,THB,completed,paid,1716.20,99.34,85.81,1729.73,2026-01-26T21:07:00+08:00,2026-01-27T21:07:00+08:00,2026-01-28T11:07:00+08:00,2026-02-02T11:07:00+08:00,,true
ORD000357,SHOP005,BUY00169,Vietnam,VND,shipped,paid,2761653.84,75343.27,0.00,2836997.11,2026-05-28T02:45:00+08:00,2026-05-28T16:45:00+08:00,2026-05-29T14:45:00+08:00,,,true
ORD000358,SHOP001,BUY00073,Singapore,SGD,completed,paid,92.87,2.34,9.29,85.92,2026-02-16T14:48:00+08:00,2026-02-17T04:48:00+08:00,2026-02-19T04:48:00+08:00,2026-02-24T04:48:00+08:00,,true
ORD000359,SHOP003,BUY00186,Philippines,PHP,completed,paid,3067.94,203.46,0.00,3271.40,2026-03-29T23:29:00+08:00,2026-03-30T18:29:00+08:00,2026-03-31T15:29:00+08:00,2026-04-04T15:29:00+08:00,,true
ORD000360,SHOP004,BUY00193,Thailand,THB,cancelled,unpaid,4120.01,292.55,412.00,4000.56,2026-01-16T22:45:00+08:00,,,,2026-01-18T07:45:00+08:00,true
ORD000361,SHOP002,BUY00027,Malaysia,MYR,completed,paid,330.20,14.09,0.00,344.29,2026-04-23T10:51:00+08:00,2026-04-23T19:51:00+08:00,2026-04-25T04:51:00+08:00,2026-05-03T04:51:00+08:00,,true
ORD000362,SHOP003,BUY00067,Philippines,PHP,paid,paid,12747.22,876.65,0.00,13623.87,2026-03-13T19:23:00+08:00,2026-03-14T14:23:00+08:00,,,,true
ORD000363,SHOP004,BUY00166,Thailand,THB,completed,paid,7571.87,474.58,378.59,7667.86,2026-04-07T02:00:00+08:00,2026-04-07T10:00:00+08:00,2026-04-08T08:00:00+08:00,2026-04-16T08:00:00+08:00,,true
ORD000364,SHOP002,BUY00014,Malaysia,MYR,ready_to_ship,paid,971.98,74.29,97.20,949.07,2026-01-30T08:57:00+08:00,2026-01-31T08:57:00+08:00,,,,true
ORD000365,SHOP002,BUY00223,Malaysia,MYR,cancelled,unpaid,500.78,12.97,0.00,513.75,2026-01-28T08:16:00+08:00,,,,2026-01-29T03:16:00+08:00,true
ORD000366,SHOP003,BUY00056,Philippines,PHP,completed,paid,8135.94,382.07,406.80,8111.21,2026-02-14T03:09:00+08:00,2026-02-14T21:09:00+08:00,2026-02-15T12:09:00+08:00,2026-02-19T12:09:00+08:00,,true
ORD000367,SHOP003,BUY00085,Philippines,PHP,completed,paid,2626.08,123.82,131.30,2618.60,2026-03-14T13:21:00+08:00,2026-03-14T15:21:00+08:00,2026-03-15T06:21:00+08:00,2026-03-19T06:21:00+08:00,,true
ORD000368,SHOP006,BUY00149,Indonesia,IDR,shipped,paid,394415.03,15731.22,0.00,410146.25,2026-02-17T16:25:00+08:00,2026-02-17T19:25:00+08:00,2026-02-18T09:25:00+08:00,,,true
ORD000369,SHOP004,BUY00283,Thailand,THB,delivered,paid,6901.18,404.25,345.06,6960.37,2026-02-10T06:03:00+08:00,2026-02-10T19:03:00+08:00,2026-02-12T13:03:00+08:00,2026-02-20T13:03:00+08:00,,true
ORD000370,SHOP005,BUY00242,Vietnam,VND,completed,paid,1137574.39,49679.99,0.00,1187254.38,2026-03-02T01:22:00+08:00,2026-03-02T03:22:00+08:00,2026-03-04T03:22:00+08:00,2026-03-06T03:22:00+08:00,,true
ORD000371,SHOP005,BUY00241,Vietnam,VND,completed,paid,3589833.16,143240.55,179491.66,3553582.05,2026-03-08T16:08:00+08:00,2026-03-08T23:08:00+08:00,2026-03-10T06:08:00+08:00,2026-03-17T06:08:00+08:00,,true
ORD000372,SHOP003,BUY00210,Philippines,PHP,refund_requested,paid,6855.57,518.22,0.00,7373.79,2026-04-18T18:52:00+08:00,2026-04-19T03:52:00+08:00,2026-04-20T01:52:00+08:00,2026-04-26T01:52:00+08:00,,true
ORD000373,SHOP001,BUY00037,Singapore,SGD,refunded,refunded,104.91,7.12,0.00,112.03,2026-02-27T04:31:00+08:00,2026-02-27T18:31:00+08:00,2026-03-01T01:31:00+08:00,2026-03-04T01:31:00+08:00,,true
ORD000374,SHOP002,BUY00149,Malaysia,MYR,pending_payment,unpaid,966.96,27.58,96.70,897.84,2026-03-05T20:02:00+08:00,,,,,true
ORD000375,SHOP006,BUY00254,Indonesia,IDR,paid,paid,1623026.84,114690.50,0.00,1737717.34,2026-02-12T04:39:00+08:00,2026-02-12T08:39:00+08:00,,,,true
ORD000376,SHOP006,BUY00273,Indonesia,IDR,completed,paid,1039528.36,58073.95,155929.25,941673.06,2026-04-13T15:48:00+08:00,2026-04-14T15:48:00+08:00,2026-04-15T20:48:00+08:00,2026-04-17T20:48:00+08:00,,true
ORD000377,SHOP004,BUY00120,Thailand,THB,completed,paid,3528.07,181.54,0.00,3709.61,2026-04-28T17:59:00+08:00,2026-04-29T14:59:00+08:00,2026-04-30T20:59:00+08:00,2026-05-07T20:59:00+08:00,,true
ORD000378,SHOP003,BUY00028,Philippines,PHP,completed,paid,15086.72,723.33,2263.01,13547.04,2026-04-01T12:10:00+08:00,2026-04-02T02:10:00+08:00,2026-04-04T02:10:00+08:00,2026-04-07T02:10:00+08:00,,true
ORD000379,SHOP001,BUY00103,Singapore,SGD,delivered,paid,255.95,14.58,25.59,244.94,2026-02-01T05:44:00+08:00,2026-02-01T20:44:00+08:00,2026-02-03T01:44:00+08:00,2026-02-11T01:44:00+08:00,,true
ORD000380,SHOP005,BUY00019,Vietnam,VND,delivered,paid,1570309.35,93827.73,78515.47,1585621.61,2026-06-16T13:36:00+08:00,2026-06-17T08:36:00+08:00,2026-06-17T17:36:00+08:00,2026-06-21T17:36:00+08:00,,true
ORD000381,SHOP002,BUY00112,Malaysia,MYR,delivered,paid,390.87,25.18,19.54,396.51,2026-02-20T00:26:00+08:00,2026-02-20T13:26:00+08:00,2026-02-21T03:26:00+08:00,2026-02-27T03:26:00+08:00,,true
ORD000382,SHOP003,BUY00175,Philippines,PHP,completed,paid,9506.14,201.53,0.00,9707.67,2026-04-26T06:46:00+08:00,2026-04-27T00:46:00+08:00,2026-04-28T04:46:00+08:00,2026-05-05T04:46:00+08:00,,true
ORD000383,SHOP004,BUY00288,Thailand,THB,shipped,paid,1287.71,86.44,128.77,1245.38,2026-05-03T06:47:00+08:00,2026-05-03T09:47:00+08:00,2026-05-05T04:47:00+08:00,,,true
ORD000384,SHOP004,BUY00287,Thailand,THB,shipped,paid,1735.31,71.27,0.00,1806.58,2026-04-15T12:03:00+08:00,2026-04-16T08:03:00+08:00,2026-04-17T22:03:00+08:00,,,true
ORD000385,SHOP005,BUY00240,Vietnam,VND,completed,paid,4776755.94,142426.75,0.00,4919182.69,2026-01-29T06:47:00+08:00,2026-01-30T04:47:00+08:00,2026-01-30T22:47:00+08:00,2026-02-03T22:47:00+08:00,,true
ORD000386,SHOP003,BUY00152,Philippines,PHP,delivered,paid,4688.89,262.15,468.89,4482.15,2026-06-24T08:45:00+08:00,2026-06-24T11:45:00+08:00,2026-06-24T22:45:00+08:00,2026-07-02T22:45:00+08:00,,true
ORD000387,SHOP001,BUY00157,Singapore,SGD,paid,paid,174.95,13.19,0.00,188.14,2026-04-17T23:12:00+08:00,2026-04-18T07:12:00+08:00,,,,true
ORD000388,SHOP004,BUY00159,Thailand,THB,completed,paid,1287.71,56.82,0.00,1344.53,2026-01-07T00:38:00+08:00,2026-01-07T21:38:00+08:00,2026-01-08T22:38:00+08:00,2026-01-12T22:38:00+08:00,,true
ORD000389,SHOP005,BUY00106,Vietnam,VND,shipped,paid,6725527.95,328236.89,672552.80,6381212.04,2026-01-09T22:15:00+08:00,2026-01-10T21:15:00+08:00,2026-01-11T21:15:00+08:00,,,true
ORD000390,SHOP002,BUY00259,Malaysia,MYR,delivered,paid,109.14,5.56,10.91,103.79,2026-05-25T06:11:00+08:00,2026-05-25T07:11:00+08:00,2026-05-27T03:11:00+08:00,2026-06-01T03:11:00+08:00,,true
ORD000391,SHOP004,BUY00168,Thailand,THB,completed,paid,3095.97,68.65,0.00,3164.62,2026-06-12T04:54:00+08:00,2026-06-12T14:54:00+08:00,2026-06-13T09:54:00+08:00,2026-06-18T09:54:00+08:00,,true
ORD000392,SHOP005,BUY00263,Vietnam,VND,completed,paid,1853489.43,61633.53,92674.47,1822448.49,2026-04-15T07:37:00+08:00,2026-04-15T16:37:00+08:00,2026-04-17T15:37:00+08:00,2026-04-22T15:37:00+08:00,,true
ORD000393,SHOP005,BUY00146,Vietnam,VND,shipped,paid,2864797.10,193246.65,143239.86,2914803.89,2026-02-05T01:00:00+08:00,2026-02-05T14:00:00+08:00,2026-02-06T12:00:00+08:00,,,true
ORD000394,SHOP003,BUY00197,Philippines,PHP,paid,paid,4959.95,163.24,496.00,4627.19,2026-03-27T17:24:00+08:00,2026-03-28T16:24:00+08:00,,,,true
ORD000395,SHOP003,BUY00199,Philippines,PHP,shipped,paid,9176.49,585.24,0.00,9761.73,2026-01-20T01:59:00+08:00,2026-01-20T10:59:00+08:00,2026-01-20T21:59:00+08:00,,,true
ORD000396,SHOP002,BUY00314,Malaysia,MYR,completed,paid,724.98,23.26,0.00,748.24,2026-04-03T17:02:00+08:00,2026-04-04T02:02:00+08:00,2026-04-04T17:02:00+08:00,2026-04-09T17:02:00+08:00,,true
ORD000397,SHOP005,BUY00046,Vietnam,VND,refunded,refunded,1986324.11,67023.88,297948.62,1755399.37,2026-02-19T02:35:00+08:00,2026-02-19T21:35:00+08:00,2026-02-20T07:35:00+08:00,2026-02-27T07:35:00+08:00,,true
ORD000398,SHOP005,BUY00262,Vietnam,VND,completed,paid,3192083.49,124638.87,319208.35,2997514.01,2026-03-19T16:13:00+08:00,2026-03-20T03:13:00+08:00,2026-03-21T17:13:00+08:00,2026-03-23T17:13:00+08:00,,true
ORD000399,SHOP004,BUY00237,Thailand,THB,delivered,paid,2695.15,157.05,0.00,2852.20,2026-05-14T02:46:00+08:00,2026-05-14T20:46:00+08:00,2026-05-16T03:46:00+08:00,2026-05-20T03:46:00+08:00,,true
ORD000400,SHOP001,BUY00123,Singapore,SGD,refund_requested,paid,302.45,14.17,0.00,316.62,2026-01-16T19:30:00+08:00,2026-01-17T08:30:00+08:00,2026-01-17T21:30:00+08:00,2026-01-21T21:30:00+08:00,,true
ORD000401,SHOP004,BUY00149,Thailand,THB,completed,paid,1910.92,48.38,0.00,1959.30,2026-05-18T02:02:00+08:00,2026-05-18T18:02:00+08:00,2026-05-20T12:02:00+08:00,2026-05-26T12:02:00+08:00,,true
ORD000402,SHOP003,BUY00052,Philippines,PHP,cancelled,refunded,9771.99,763.16,0.00,10535.15,2026-03-04T02:02:00+08:00,,,,2026-03-04T05:02:00+08:00,true
ORD000403,SHOP005,BUY00311,Vietnam,VND,completed,paid,4440399.67,117530.36,0.00,4557930.03,2026-02-23T03:09:00+08:00,2026-02-23T07:09:00+08:00,2026-02-24T13:09:00+08:00,2026-02-26T13:09:00+08:00,,true
ORD000404,SHOP001,BUY00071,Singapore,SGD,completed,paid,139.92,3.36,7.00,136.28,2026-02-06T10:41:00+08:00,2026-02-06T14:41:00+08:00,2026-02-08T10:41:00+08:00,2026-02-14T10:41:00+08:00,,true
ORD000405,SHOP001,BUY00005,Singapore,SGD,pending_payment,unpaid,150.84,12.02,15.08,147.78,2026-04-19T03:24:00+08:00,,,,,true
ORD000406,SHOP002,BUY00294,Malaysia,MYR,paid,paid,50.85,3.38,5.09,49.14,2026-03-27T10:36:00+08:00,2026-03-28T04:36:00+08:00,,,,true
ORD000407,SHOP006,BUY00271,Indonesia,IDR,completed,paid,2455981.71,148357.42,0.00,2604339.13,2026-04-25T17:25:00+08:00,2026-04-25T18:25:00+08:00,2026-04-26T13:25:00+08:00,2026-04-28T13:25:00+08:00,,true
ORD000408,SHOP003,BUY00260,Philippines,PHP,refund_requested,paid,9092.35,399.32,0.00,9491.67,2026-01-13T10:01:00+08:00,2026-01-13T22:01:00+08:00,2026-01-15T15:01:00+08:00,2026-01-21T15:01:00+08:00,,true
ORD000409,SHOP006,BUY00178,Indonesia,IDR,refunded,refunded,1185697.92,66219.93,59284.90,1192632.95,2026-05-05T02:44:00+08:00,2026-05-05T19:44:00+08:00,2026-05-07T00:44:00+08:00,2026-05-10T00:44:00+08:00,,true
ORD000410,SHOP002,BUY00226,Malaysia,MYR,ready_to_ship,paid,106.34,6.52,0.00,112.86,2026-05-11T16:06:00+08:00,2026-05-11T21:06:00+08:00,,,,true
ORD000411,SHOP006,BUY00032,Indonesia,IDR,completed,paid,949884.33,45777.53,0.00,995661.86,2026-01-10T01:49:00+08:00,2026-01-10T07:49:00+08:00,2026-01-11T21:49:00+08:00,2026-01-14T21:49:00+08:00,,true
ORD000412,SHOP006,BUY00023,Indonesia,IDR,completed,paid,1884888.10,72162.45,94244.41,1862806.14,2026-03-24T06:39:00+08:00,2026-03-24T23:39:00+08:00,2026-03-26T03:39:00+08:00,2026-03-28T03:39:00+08:00,,true
ORD000413,SHOP001,BUY00117,Singapore,SGD,paid,paid,305.37,16.08,15.27,306.18,2026-06-27T00:23:00+08:00,2026-06-27T22:23:00+08:00,,,,true
ORD000414,SHOP002,BUY00059,Malaysia,MYR,completed,paid,381.81,9.33,0.00,391.14,2026-04-29T10:12:00+08:00,2026-04-30T06:12:00+08:00,2026-05-01T11:12:00+08:00,2026-05-06T11:12:00+08:00,,true
ORD000415,SHOP001,BUY00305,Singapore,SGD,delivered,paid,268.16,21.05,0.00,289.21,2026-05-20T02:16:00+08:00,2026-05-20T18:16:00+08:00,2026-05-22T14:16:00+08:00,2026-05-25T14:16:00+08:00,,true
ORD000416,SHOP002,BUY00200,Malaysia,MYR,completed,paid,223.26,5.19,33.49,194.96,2026-05-29T16:02:00+08:00,2026-05-30T11:02:00+08:00,2026-05-31T03:02:00+08:00,2026-06-08T03:02:00+08:00,,true
ORD000417,SHOP004,BUY00178,Thailand,THB,pending_payment,unpaid,441.55,14.55,22.08,434.02,2026-06-21T10:48:00+08:00,,,,,true
ORD000418,SHOP006,BUY00164,Indonesia,IDR,delivered,paid,1184255.87,79647.31,0.00,1263903.18,2026-02-10T04:44:00+08:00,2026-02-10T21:44:00+08:00,2026-02-11T08:44:00+08:00,2026-02-13T08:44:00+08:00,,true
ORD000419,SHOP006,BUY00199,Indonesia,IDR,completed,paid,2763709.68,187371.70,0.00,2951081.38,2026-06-05T06:05:00+08:00,2026-06-05T22:05:00+08:00,2026-06-06T07:05:00+08:00,2026-06-12T07:05:00+08:00,,true
ORD000420,SHOP006,BUY00087,Indonesia,IDR,shipped,paid,1271693.48,38933.49,0.00,1310626.97,2026-04-14T16:17:00+08:00,2026-04-15T13:17:00+08:00,2026-04-17T10:17:00+08:00,,,true
ORD000421,SHOP003,BUY00083,Philippines,PHP,completed,paid,6603.72,321.48,0.00,6925.20,2026-05-07T11:09:00+08:00,2026-05-08T10:09:00+08:00,2026-05-09T11:09:00+08:00,2026-05-16T11:09:00+08:00,,true
ORD000422,SHOP001,BUY00095,Singapore,SGD,delivered,paid,84.44,5.85,0.00,90.29,2026-03-07T09:31:00+08:00,2026-03-08T05:31:00+08:00,2026-03-09T12:31:00+08:00,2026-03-13T12:31:00+08:00,,true
ORD000423,SHOP006,BUY00190,Indonesia,IDR,completed,paid,2906319.10,179080.71,290631.91,2794767.90,2026-06-07T04:33:00+08:00,2026-06-07T08:33:00+08:00,2026-06-09T04:33:00+08:00,2026-06-14T04:33:00+08:00,,true
ORD000424,SHOP003,BUY00178,Philippines,PHP,refunded,refunded,26890.19,1278.69,4033.53,24135.35,2026-03-17T13:03:00+08:00,2026-03-18T13:03:00+08:00,2026-03-18T23:03:00+08:00,2026-03-21T23:03:00+08:00,,true
ORD000425,SHOP003,BUY00046,Philippines,PHP,ready_to_ship,paid,2304.19,47.96,230.42,2121.73,2026-04-07T12:47:00+08:00,2026-04-08T09:47:00+08:00,,,,true
ORD000426,SHOP005,BUY00168,Vietnam,VND,delivered,paid,5768314.51,407421.31,0.00,6175735.82,2026-06-25T10:13:00+08:00,2026-06-26T00:13:00+08:00,2026-06-26T23:13:00+08:00,2026-07-02T23:13:00+08:00,,true
ORD000427,SHOP001,BUY00030,Singapore,SGD,paid,paid,71.85,4.09,7.18,68.76,2026-05-29T19:51:00+08:00,2026-05-30T14:51:00+08:00,,,,true
ORD000428,SHOP002,BUY00142,Malaysia,MYR,pending_payment,unpaid,514.43,41.02,0.00,555.45,2026-02-15T20:33:00+08:00,,,,,true
ORD000429,SHOP004,BUY00284,Thailand,THB,completed,paid,5456.44,194.63,0.00,5651.07,2026-02-02T02:10:00+08:00,2026-02-02T14:10:00+08:00,2026-02-04T06:10:00+08:00,2026-02-06T06:10:00+08:00,,true
ORD000430,SHOP005,BUY00112,Vietnam,VND,completed,paid,3243548.28,228540.54,0.00,3472088.82,2026-03-23T13:26:00+08:00,2026-03-24T00:26:00+08:00,2026-03-24T21:26:00+08:00,2026-03-30T21:26:00+08:00,,true
ORD000431,SHOP003,BUY00239,Philippines,PHP,completed,paid,11649.84,889.51,0.00,12539.35,2026-05-31T21:56:00+08:00,2026-06-01T08:56:00+08:00,2026-06-02T13:56:00+08:00,2026-06-10T13:56:00+08:00,,true
ORD000432,SHOP001,BUY00117,Singapore,SGD,cancelled,unpaid,299.58,22.17,0.00,321.75,2026-03-05T11:55:00+08:00,,,,2026-03-05T14:55:00+08:00,true
ORD000433,SHOP004,BUY00228,Thailand,THB,completed,paid,5385.28,149.11,269.26,5265.13,2026-02-01T09:54:00+08:00,2026-02-02T03:54:00+08:00,2026-02-03T18:54:00+08:00,2026-02-05T18:54:00+08:00,,true
ORD000434,SHOP002,BUY00262,Malaysia,MYR,shipped,paid,819.19,59.60,0.00,878.79,2026-04-25T13:37:00+08:00,2026-04-26T02:37:00+08:00,2026-04-27T16:37:00+08:00,,,true
ORD000435,SHOP005,BUY00095,Vietnam,VND,delivered,paid,3257721.34,227926.64,162886.07,3322761.91,2026-02-17T02:12:00+08:00,2026-02-17T13:12:00+08:00,2026-02-18T19:12:00+08:00,2026-02-26T19:12:00+08:00,,true
ORD000436,SHOP001,BUY00122,Singapore,SGD,shipped,paid,365.12,23.66,0.00,388.78,2026-01-17T00:24:00+08:00,2026-01-17T05:24:00+08:00,2026-01-18T09:24:00+08:00,,,true
ORD000437,SHOP001,BUY00022,Singapore,SGD,completed,paid,149.00,7.68,0.00,156.68,2026-06-06T14:17:00+08:00,2026-06-07T10:17:00+08:00,2026-06-07T23:17:00+08:00,2026-06-15T23:17:00+08:00,,true
ORD000438,SHOP005,BUY00247,Vietnam,VND,delivered,paid,2836168.06,123108.44,141808.40,2817468.10,2026-05-03T02:30:00+08:00,2026-05-04T00:30:00+08:00,2026-05-04T15:30:00+08:00,2026-05-12T15:30:00+08:00,,true
ORD000439,SHOP006,BUY00123,Indonesia,IDR,completed,paid,2261706.52,58058.96,0.00,2319765.48,2026-01-19T05:22:00+08:00,2026-01-19T16:22:00+08:00,2026-01-20T09:22:00+08:00,2026-01-25T09:22:00+08:00,,true
ORD000440,SHOP004,BUY00014,Thailand,THB,pending_payment,unpaid,9032.56,201.08,0.00,9233.64,2026-04-04T21:26:00+08:00,,,,,true
ORD000441,SHOP001,BUY00220,Singapore,SGD,completed,paid,314.77,20.70,0.00,335.47,2026-04-13T02:38:00+08:00,2026-04-13T10:38:00+08:00,2026-04-14T04:38:00+08:00,2026-04-17T04:38:00+08:00,,true
ORD000442,SHOP006,BUY00256,Indonesia,IDR,shipped,paid,1376379.56,85609.81,68818.98,1393170.39,2026-04-20T12:22:00+08:00,2026-04-20T16:22:00+08:00,2026-04-21T14:22:00+08:00,,,true
ORD000443,SHOP006,BUY00113,Indonesia,IDR,refunded,refunded,449713.81,19442.16,44971.38,424184.59,2026-05-19T19:50:00+08:00,2026-05-20T17:50:00+08:00,2026-05-22T00:50:00+08:00,2026-05-27T00:50:00+08:00,,true
ORD000444,SHOP002,BUY00250,Malaysia,MYR,shipped,paid,229.00,7.30,0.00,236.30,2026-02-05T15:35:00+08:00,2026-02-06T06:35:00+08:00,2026-02-06T23:35:00+08:00,,,true
ORD000445,SHOP002,BUY00167,Malaysia,MYR,completed,paid,522.55,11.60,0.00,534.15,2026-05-09T00:12:00+08:00,2026-05-09T17:12:00+08:00,2026-05-10T22:12:00+08:00,2026-05-17T22:12:00+08:00,,true
ORD000446,SHOP004,BUY00296,Thailand,THB,completed,paid,4236.48,127.13,211.82,4151.79,2026-02-13T04:25:00+08:00,2026-02-13T22:25:00+08:00,2026-02-14T21:25:00+08:00,2026-02-18T21:25:00+08:00,,true
ORD000447,SHOP005,BUY00178,Vietnam,VND,completed,paid,5910924.28,379021.88,0.00,6289946.16,2026-05-19T09:01:00+08:00,2026-05-19T21:01:00+08:00,2026-05-20T10:01:00+08:00,2026-05-28T10:01:00+08:00,,true
ORD000448,SHOP002,BUY00205,Malaysia,MYR,completed,paid,264.70,5.62,13.23,257.09,2026-02-08T11:08:00+08:00,2026-02-09T00:08:00+08:00,2026-02-09T14:08:00+08:00,2026-02-14T14:08:00+08:00,,true
ORD000449,SHOP003,BUY00082,Philippines,PHP,pending_payment,unpaid,3491.76,89.61,174.59,3406.78,2026-05-12T23:20:00+08:00,,,,,true
ORD000450,SHOP003,BUY00287,Philippines,PHP,delivered,paid,12704.21,554.59,0.00,13258.80,2026-03-05T22:10:00+08:00,2026-03-06T05:10:00+08:00,2026-03-08T02:10:00+08:00,2026-03-15T02:10:00+08:00,,true
ORD000451,SHOP004,BUY00039,Thailand,THB,ready_to_ship,paid,3493.48,88.32,0.00,3581.80,2026-05-08T15:07:00+08:00,2026-05-09T08:07:00+08:00,,,,true
ORD000452,SHOP005,BUY00023,Vietnam,VND,cancelled,unpaid,5393295.62,133053.10,0.00,5526348.72,2026-06-02T00:33:00+08:00,,,,2026-06-03T11:33:00+08:00,true
ORD000453,SHOP001,BUY00189,Singapore,SGD,completed,paid,184.55,11.37,9.23,186.69,2026-01-25T20:17:00+08:00,2026-01-25T23:17:00+08:00,2026-01-27T23:17:00+08:00,2026-01-31T23:17:00+08:00,,true
ORD000454,SHOP002,BUY00083,Malaysia,MYR,cancelled,refunded,202.90,13.01,20.29,195.62,2026-04-29T06:11:00+08:00,,,,2026-04-30T14:11:00+08:00,true
ORD000455,SHOP003,BUY00023,Philippines,PHP,completed,paid,1577.35,96.50,78.87,1594.98,2026-01-22T20:16:00+08:00,2026-01-23T12:16:00+08:00,2026-01-25T06:16:00+08:00,2026-02-02T06:16:00+08:00,,true
ORD000456,SHOP002,BUY00199,Malaysia,MYR,completed,paid,55.98,2.94,2.80,56.12,2026-05-29T14:01:00+08:00,2026-05-29T17:01:00+08:00,2026-05-30T09:01:00+08:00,2026-06-05T09:01:00+08:00,,true
ORD000457,SHOP004,BUY00060,Thailand,THB,cancelled,refunded,3678.45,209.24,0.00,3887.69,2026-02-24T11:39:00+08:00,,,,2026-02-24T12:39:00+08:00,true
ORD000458,SHOP002,BUY00250,Malaysia,MYR,cancelled,unpaid,95.61,5.82,0.00,101.43,2026-01-12T01:01:00+08:00,,,,2026-01-12T09:01:00+08:00,true
ORD000459,SHOP001,BUY00180,Singapore,SGD,paid,paid,289.64,11.43,43.45,257.62,2026-04-26T09:24:00+08:00,2026-04-26T15:24:00+08:00,,,,true
ORD000460,SHOP005,BUY00205,Vietnam,VND,refunded,refunded,1855342.04,119587.51,0.00,1974929.55,2026-01-05T02:37:00+08:00,2026-01-06T01:37:00+08:00,2026-01-07T09:37:00+08:00,2026-01-13T09:37:00+08:00,,true
ORD000461,SHOP003,BUY00241,Philippines,PHP,delivered,paid,14031.12,932.24,2104.67,12858.69,2026-05-09T00:12:00+08:00,2026-05-09T08:12:00+08:00,2026-05-09T17:12:00+08:00,2026-05-16T17:12:00+08:00,,true
ORD000462,SHOP003,BUY00198,Philippines,PHP,shipped,paid,9727.86,284.76,972.79,9039.83,2026-02-09T02:19:00+08:00,2026-02-09T22:19:00+08:00,2026-02-11T18:19:00+08:00,,,true
ORD000463,SHOP006,BUY00011,Indonesia,IDR,shipped,paid,632252.44,34241.92,31612.62,634881.74,2026-01-15T23:05:00+08:00,2026-01-16T11:05:00+08:00,2026-01-17T11:05:00+08:00,,,true
ORD000464,SHOP006,BUY00236,Indonesia,IDR,completed,paid,1116418.34,49045.77,55820.92,1109643.19,2026-03-20T11:15:00+08:00,2026-03-20T20:15:00+08:00,2026-03-22T02:15:00+08:00,2026-03-26T02:15:00+08:00,,true
ORD000465,SHOP001,BUY00087,Singapore,SGD,shipped,paid,21.48,0.70,2.15,20.03,2026-04-04T11:42:00+08:00,2026-04-04T23:42:00+08:00,2026-04-06T02:42:00+08:00,,,true
ORD000466,SHOP005,BUY00143,Vietnam,VND,shipped,paid,4357548.06,238263.46,0.00,4595811.52,2026-04-14T02:48:00+08:00,2026-04-14T08:48:00+08:00,2026-04-15T20:48:00+08:00,,,true
ORD000467,SHOP001,BUY00138,Singapore,SGD,cancelled,unpaid,12.19,0.66,1.22,11.63,2026-02-24T11:24:00+08:00,,,,2026-02-24T12:24:00+08:00,true
ORD000468,SHOP001,BUY00118,Singapore,SGD,delivered,paid,263.64,14.43,0.00,278.07,2026-03-13T10:39:00+08:00,2026-03-13T16:39:00+08:00,2026-03-15T08:39:00+08:00,2026-03-22T08:39:00+08:00,,true
ORD000469,SHOP005,BUY00313,Vietnam,VND,shipped,paid,3924749.12,311176.60,392474.91,3843450.81,2026-03-23T04:13:00+08:00,2026-03-23T06:13:00+08:00,2026-03-24T12:13:00+08:00,,,true
ORD000470,SHOP004,BUY00024,Thailand,THB,completed,paid,2126.48,164.45,106.32,2184.61,2026-03-02T22:10:00+08:00,2026-03-02T23:10:00+08:00,2026-03-03T09:10:00+08:00,2026-03-11T09:10:00+08:00,,true
ORD000471,SHOP005,BUY00112,Vietnam,VND,ready_to_ship,paid,1317389.56,72427.85,0.00,1389817.41,2026-04-25T08:55:00+08:00,2026-04-26T01:55:00+08:00,,,,true
ORD000472,SHOP003,BUY00274,Philippines,PHP,completed,paid,334.98,7.84,0.00,342.82,2026-03-30T23:33:00+08:00,2026-03-31T16:33:00+08:00,2026-04-01T21:33:00+08:00,2026-04-04T21:33:00+08:00,,true
ORD000473,SHOP001,BUY00218,Singapore,SGD,completed,paid,239.31,12.24,0.00,251.55,2026-04-18T14:43:00+08:00,2026-04-19T07:43:00+08:00,2026-04-19T21:43:00+08:00,2026-04-21T21:43:00+08:00,,true
ORD000474,SHOP002,BUY00089,Malaysia,MYR,shipped,paid,556.98,18.78,0.00,575.76,2026-04-15T12:21:00+08:00,2026-04-16T08:21:00+08:00,2026-04-17T03:21:00+08:00,,,true
ORD000475,SHOP006,BUY00096,Indonesia,IDR,ready_to_ship,paid,1620821.36,121971.08,81041.07,1661751.37,2026-03-12T14:44:00+08:00,2026-03-13T14:44:00+08:00,,,,true
ORD000476,SHOP003,BUY00157,Philippines,PHP,shipped,paid,8087.39,261.18,0.00,8348.57,2026-03-01T22:06:00+08:00,2026-03-02T16:06:00+08:00,2026-03-03T23:06:00+08:00,,,true
ORD000477,SHOP002,BUY00032,Malaysia,MYR,ready_to_ship,paid,95.61,2.07,0.00,97.68,2026-03-02T08:14:00+08:00,2026-03-03T07:14:00+08:00,,,,true
ORD000478,SHOP006,BUY00270,Indonesia,IDR,shipped,paid,2863667.48,129617.03,0.00,2993284.51,2026-02-16T15:40:00+08:00,2026-02-17T06:40:00+08:00,2026-02-18T10:40:00+08:00,,,true
ORD000479,SHOP002,BUY00089,Malaysia,MYR,completed,paid,62.78,2.20,6.28,58.70,2026-05-24T13:54:00+08:00,2026-05-25T06:54:00+08:00,2026-05-26T08:54:00+08:00,2026-05-29T08:54:00+08:00,,true
ORD000480,SHOP003,BUY00003,Philippines,PHP,cancelled,unpaid,19250.43,1227.60,962.52,19515.51,2026-06-19T02:06:00+08:00,,,,2026-06-20T01:06:00+08:00,true
ORD000481,SHOP004,BUY00002,Thailand,THB,delivered,paid,2419.09,173.27,362.86,2229.50,2026-05-27T14:00:00+08:00,2026-05-28T12:00:00+08:00,2026-05-29T11:00:00+08:00,2026-06-03T11:00:00+08:00,,true
ORD000482,SHOP004,BUY00163,Thailand,THB,ready_to_ship,paid,441.55,22.56,22.08,442.03,2026-04-24T19:37:00+08:00,2026-04-24T21:37:00+08:00,,,,true
ORD000483,SHOP006,BUY00307,Indonesia,IDR,shipped,paid,2793003.90,57371.01,0.00,2850374.91,2026-05-19T04:39:00+08:00,2026-05-19T06:39:00+08:00,2026-05-19T19:39:00+08:00,,,true
ORD000484,SHOP004,BUY00265,Thailand,THB,pending_payment,unpaid,7105.13,179.46,0.00,7284.59,2026-01-28T14:57:00+08:00,,,,,true
ORD000485,SHOP006,BUY00247,Indonesia,IDR,refunded,refunded,1351112.14,32759.40,67555.61,1316315.93,2026-04-25T19:14:00+08:00,2026-04-25T22:14:00+08:00,2026-04-26T13:14:00+08:00,2026-05-03T13:14:00+08:00,,true
ORD000486,SHOP003,BUY00125,Philippines,PHP,completed,paid,3514.92,199.31,0.00,3714.23,2026-06-24T10:11:00+08:00,2026-06-25T04:11:00+08:00,2026-06-27T01:11:00+08:00,2026-07-03T01:11:00+08:00,,true
ORD000487,SHOP006,BUY00194,Indonesia,IDR,completed,paid,1351377.39,38105.06,67568.87,1321913.58,2026-02-03T05:43:00+08:00,2026-02-03T10:43:00+08:00,2026-02-04T01:43:00+08:00,2026-02-06T01:43:00+08:00,,true
ORD000488,SHOP005,BUY00006,Vietnam,VND,delivered,paid,2561801.98,101469.76,128090.10,2535181.64,2026-06-16T03:19:00+08:00,2026-06-16T14:19:00+08:00,2026-06-16T23:19:00+08:00,2026-06-22T23:19:00+08:00,,true
ORD000489,SHOP005,BUY00227,Vietnam,VND,completed,paid,2122276.86,53257.87,0.00,2175534.73,2026-02-28T19:34:00+08:00,2026-02-28T20:34:00+08:00,2026-03-01T06:34:00+08:00,2026-03-07T06:34:00+08:00,,true
ORD000490,SHOP001,BUY00297,Singapore,SGD,pending_payment,unpaid,203.00,10.02,0.00,213.02,2026-05-22T16:20:00+08:00,,,,,true
ORD000491,SHOP001,BUY00126,Singapore,SGD,completed,paid,94.79,3.15,4.74,93.20,2026-06-01T04:58:00+08:00,2026-06-01T23:58:00+08:00,2026-06-03T19:58:00+08:00,2026-06-07T19:58:00+08:00,,true
ORD000492,SHOP004,BUY00258,Thailand,THB,cancelled,unpaid,5298.03,237.21,0.00,5535.24,2026-02-18T17:14:00+08:00,,,,2026-02-19T02:14:00+08:00,true
ORD000493,SHOP005,BUY00135,Vietnam,VND,completed,paid,3022561.70,89034.93,0.00,3111596.63,2026-03-10T20:00:00+08:00,2026-03-11T10:00:00+08:00,2026-03-12T09:00:00+08:00,2026-03-17T09:00:00+08:00,,true
ORD000494,SHOP001,BUY00240,Singapore,SGD,cancelled,refunded,41.28,2.77,0.00,44.05,2026-06-26T13:37:00+08:00,,,,2026-06-27T22:37:00+08:00,true
ORD000495,SHOP006,BUY00179,Indonesia,IDR,delivered,paid,2496667.96,134702.97,0.00,2631370.93,2026-01-23T04:11:00+08:00,2026-01-23T22:11:00+08:00,2026-01-24T13:11:00+08:00,2026-01-29T13:11:00+08:00,,true
ORD000496,SHOP003,BUY00231,Philippines,PHP,completed,paid,5129.95,291.14,513.00,4908.09,2026-05-02T00:03:00+08:00,2026-05-02T06:03:00+08:00,2026-05-02T20:03:00+08:00,2026-05-10T20:03:00+08:00,,true
ORD000497,SHOP004,BUY00037,Thailand,THB,ready_to_ship,paid,290.47,20.52,14.52,296.47,2026-04-14T04:37:00+08:00,2026-04-15T02:37:00+08:00,,,,true
ORD000498,SHOP004,BUY00264,Thailand,THB,delivered,paid,1287.71,35.94,128.77,1194.88,2026-02-14T01:39:00+08:00,2026-02-14T08:39:00+08:00,2026-02-14T22:39:00+08:00,2026-02-19T22:39:00+08:00,,true
ORD000499,SHOP005,BUY00090,Vietnam,VND,shipped,paid,3155354.36,212194.52,157767.72,3209781.16,2026-02-06T20:14:00+08:00,2026-02-07T11:14:00+08:00,2026-02-08T03:14:00+08:00,,,true
ORD000500,SHOP002,BUY00036,Malaysia,MYR,paid,paid,146.03,9.34,14.60,140.77,2026-03-16T22:05:00+08:00,2026-03-17T02:05:00+08:00,,,,true
